/*
SQLyog Ultimate - MySQL GUI v8.2 
MySQL - 5.5.27 : Database - flora
*********************************************************************
*/

/*!40101 SET NAMES utf8 */;

/*!40101 SET SQL_MODE=''*/;

/*!40014 SET @OLD_UNIQUE_CHECKS=@@UNIQUE_CHECKS, UNIQUE_CHECKS=0 */;
/*!40014 SET @OLD_FOREIGN_KEY_CHECKS=@@FOREIGN_KEY_CHECKS, FOREIGN_KEY_CHECKS=0 */;
/*!40101 SET @OLD_SQL_MODE=@@SQL_MODE, SQL_MODE='NO_AUTO_VALUE_ON_ZERO' */;
/*!40111 SET @OLD_SQL_NOTES=@@SQL_NOTES, SQL_NOTES=0 */;
CREATE DATABASE /*!32312 IF NOT EXISTS*/`flora` /*!40100 DEFAULT CHARACTER SET utf8 */;

USE `flora`;

/*Table structure for table `answer` */

DROP TABLE IF EXISTS `answer`;

CREATE TABLE `answer` (
  `id` int(11) NOT NULL AUTO_INCREMENT,
  `content` text NOT NULL COMMENT '回答内容',
  `time` datetime NOT NULL COMMENT '回答时间',
  `praise` int(11) DEFAULT '0' COMMENT '赞的数量',
  `user_id` int(11) NOT NULL COMMENT '回答的用户',
  `question_id` int(11) NOT NULL COMMENT '被回答的问题',
  PRIMARY KEY (`id`),
  KEY `fk_answer_question` (`question_id`),
  KEY `fk_answer_user` (`user_id`),
  CONSTRAINT `fk_answer_question` FOREIGN KEY (`question_id`) REFERENCES `question` (`id`) ON DELETE CASCADE ON UPDATE CASCADE,
  CONSTRAINT `fk_answer_user` FOREIGN KEY (`user_id`) REFERENCES `user` (`id`) ON DELETE CASCADE ON UPDATE CASCADE
) ENGINE=InnoDB AUTO_INCREMENT=77 DEFAULT CHARSET=utf8;

/*Data for the table `answer` */

insert  into `answer`(`id`,`content`,`time`,`praise`,`user_id`,`question_id`) values (1,'叶子对于绝大部分树木来说，主要功能是生产“食物”。和动物一样，植物也需要消耗糖类以维持生理功能。只不过动物是靠吃，而植物主要靠阳光来自己制造。所以在生态系统中，植物一般也称为“生产者”，而动物称为“消费者”。','2018-11-27 18:56:22',5,1,8),(2,'诗人面对秋天落叶的景象，不免要感伤一番。但是笔者最喜欢的是李白的那首：“草不谢荣于春风，木不怨落于秋天。谁挥鞭策驱四运，万物兴歇皆自然。 ','2018-11-26 17:55:10',8,3,8),(3,'可以看到,数据只显示到16048007,16048008的并没有显示,所以内连接只显示所有有关联的数据.','2018-11-25 00:00:00',99,3,9),(4,'左外连接：左表不加限制，保留左表的数据，匹配右表，右表没有匹配到的行中的列显示为null。\n右外连接：右表不加限制，保留右表的数据。匹配左表，左表没有匹配到的行中列显示为null。\n完全外连接：左右表都不加限制。即右外连接的结果为：左右表匹配的数据+左表没有匹配到的数据+右表没有匹配到的数据。','2018-11-29 15:08:58',0,6,10),(5,'作者：SuperMan-zhang \n来源：CSDN \n原文：https://blog.csdn.net/fly_zxy/article/details/53954377 \n版权声明：本文为博主原创文章，转载请附上博文链接！','2018-11-29 15:09:37',0,6,10),(6,'2018-11-29 15:11:25','2018-11-29 15:11:39',0,6,10),(7,'(+)号的作用：+号可以理解为补充的意思，加在那个表的列上就代表这个表的列为补充。加在右表的列上代表右表为补充，为左连接。加在左表的列上代表左表为补充，为右连接。注意：完全外连接中不能使用+号。','2018-11-29 15:17:30',0,6,10),(8,'安得上方断马剑阿斯顿发暗室逢灯','2018-11-29 21:29:12',0,2,10),(9,'右外连接：右表不加限制，保留右表的数据。匹配左表，左表没有匹配到的行中列显示为null。\n完全外连接：左右表都不加限制。即右外连接的结果为：左右表匹配的数据+左表没有匹配到的数据+右表没有匹配到的数据。','2018-11-29 21:30:02',0,2,10),(10,'左表没有匹配到的行中列显示为null。 完全外连接：左右表都不加限制。即右外连接的结果为：左右表匹配的数据+左表没有匹配到的数据+右表没有匹配到的数据。','2018-11-29 21:31:50',0,2,10),(11,'藜麦还可以搭配其他食材制作特色菜肴。例如：藜麦海参、天藜藜麦水果沙拉，比较适合爱美减肥女性。\n同桌傻傻的,真可爱!\n天藜藜麦发芽后配合其他食材食用，营养更高。','2018-11-29 22:08:36',1,1,6),(12,'该项研究的部分结果以Phylogeny and staminal evolution of Salvia (Lamiaceae, Nepetoideae) in East Asia发表于植物学研究经典期刊Annals of Botany上，并被遴选为封面文章。','2018-12-01 20:36:18',0,6,11),(22,'你觉得吧,我好不好!','2018-12-07 16:33:00',0,3,1),(23,'谷子才不是小米,自己上网百度下吧,谷子是哪来做麦片的啊','2018-12-09 15:30:37',0,1,4),(24,'是吗,我倒是觉得很好喝哎!!!','2018-12-09 15:31:18',1,1,2),(25,'葡萄糖咯,还能是什么','2018-12-09 16:19:09',0,1,5),(26,'不自信就不如别来挑战','2018-12-09 16:20:56',0,1,12),(33,'给我一个顶,谢谢大家','2018-12-13 20:27:54',1,1,5),(38,'路边的野花而已,没什么大不了的,一般是城市为了美容一下自己,增添色彩','2018-12-16 11:25:38',0,11,20),(48,'我就来看看，别在意！','2018-12-21 15:53:27',0,12,9),(49,'水电费规划局','2018-12-21 16:28:45',0,12,4),(50,'大大大','2018-12-21 17:19:30',0,12,21),(51,'应该是季节的因素吧，你平时多浇浇水试一下看看有咩有用。。。没有的话可以尝试着加点有机磷肥料，应该就可以了。','2018-12-22 14:41:05',0,7,21),(52,'枣核，属于长命种子，种子寿命在15年以上。大多数农作物种子的寿命，在一般贮藏条件下约为1～3年。','2018-12-22 15:05:09',1,6,23),(55,'收到罚单fdsfadsfcdxsf','2018-12-26 18:16:25',0,6,17),(57,'六月雪盆景栽培必须选用松软山土，应放置在向阳处，不能久放室内。在生长期需施1~2次肥料，盆土宜偏干些为好，肥水过多过浓会引起枝叶徒长。此外，要保证六月雪盆景株姿匀称丰满，还需进行修剪整形作艺术加工。','2019-01-03 16:17:19',2,12,27),(58,'小叶榕是一种喜肥的生长植物，但一定要把握好施肥的次数，施肥的次数过多会对小叶榕盆景的生长造成伤害，所以需要根据季节的不同而决定施肥量的不同。','2019-01-03 16:22:13',2,12,28),(59,'这个东西我也不太懂，但是以他的坚硬程度保存个2~3年不是问题吧！','2019-01-03 16:27:11',0,12,23),(60,'总之不是樱花，樱花不长这样的！','2019-01-03 16:28:59',1,12,20),(61,'每周换次水，随着白色的根系发达起来之后，再让它接受阳光照射，初期每天照1-2小时，后逐步增至7-8 小时，天气暖和很快就能开花。','2019-01-03 16:37:00',0,23,30),(62,'养育小叶榕盆景需要采用疏松并且通水性较好的腐叶土，一般的园土和腐质土和沙的比例为2比2比1，在盆景上方最好放置一些与盆大小相同的苔藓，一来更加美观，二来也对排水透气起到很大的帮助。','2019-01-03 16:37:27',0,23,28),(63,'六月雪盆景要固定位置，不宜搬东搬西，六月雪讲究向光性。夏日在烈日下要上面遮阳，保持通风，每天向其叶片喷水1次至2次，保持空气湿度。寒冬可用稻草略加包扎一下(在-10℃左右时)，避免冻死。','2019-01-03 16:37:58',1,23,27),(64,'马蔺的花语是：宿世的情人，爱的使者。','2019-01-03 16:43:30',0,23,29),(65,'简单来说，化水就是水分过多或者潮湿造成叶片、根茎的腐烂，透明化，最后消失。说的通俗点也就是喝饱了水的多肉植物在高温的状态下热胀冷缩，胀破了细胞壁。这个时候的多肉植物自下而上叶片变得透明，这就是化水。','2019-01-03 16:47:53',0,13,31),(66,'以自己的插花瓶大小而定，瓶口以下的叶片去掉即可。同时控制水量在花瓶的三分之一即可，发现异味即要换水。如果发现有烂根，应及时切除烂根。','2019-01-03 16:48:51',0,13,30),(67,'路边的花你别采就是了。','2019-01-05 17:32:37',0,6,20),(68,'一般柠檬两年结果，三年的可以结更多。首先你要这样，我们都是盆栽嘛，春季和秋季一定要换土。','2019-01-05 17:53:54',0,6,32),(69,'可以尝试着去淘宝买些营养液回来试一下.','2019-01-05 20:01:02',1,2,26),(71,'你好,给点阳光就好了','2019-01-05 20:51:46',0,8,34),(72,'每天多浇点水哦','2019-01-05 21:41:31',1,24,27),(73,'试一下','2019-01-05 21:54:13',1,6,34),(74,'阿萨是否','2019-01-06 13:33:14',0,25,34),(75,'奥术大师','2019-01-06 13:40:41',0,25,32),(76,'这是第一次回答','2019-01-14 11:34:06',0,6,31);

/*Table structure for table `apply` */

DROP TABLE IF EXISTS `apply`;

CREATE TABLE `apply` (
  `id` int(11) NOT NULL AUTO_INCREMENT,
  `content` text NOT NULL COMMENT '申请理由',
  `time` datetime NOT NULL COMMENT '申请时间',
  `handle` int(11) DEFAULT '0' COMMENT '是否已处理',
  `user_id` int(11) NOT NULL COMMENT '申请人ID',
  PRIMARY KEY (`id`),
  KEY `fk_apply_user` (`user_id`),
  CONSTRAINT `fk_apply_user` FOREIGN KEY (`user_id`) REFERENCES `user` (`id`) ON DELETE CASCADE ON UPDATE CASCADE
) ENGINE=InnoDB AUTO_INCREMENT=5 DEFAULT CHARSET=utf8;

/*Data for the table `apply` */

insert  into `apply`(`id`,`content`,`time`,`handle`,`user_id`) values (2,'牛逼如我,你们都是菜鸟','2018-12-13 20:26:21',1,1),(3,'没啥，就是想申请一下牛逼牛逼','2018-12-21 10:23:21',0,2),(4,'作为一个植物学家，最近比较活跃，希望批准！！！','2018-12-21 17:53:30',0,12);

/*Table structure for table `category` */

DROP TABLE IF EXISTS `category`;

CREATE TABLE `category` (
  `id` int(11) NOT NULL AUTO_INCREMENT,
  `content` varchar(8) NOT NULL COMMENT '植物类别',
  PRIMARY KEY (`id`)
) ENGINE=InnoDB AUTO_INCREMENT=10 DEFAULT CHARSET=utf8;

/*Data for the table `category` */

insert  into `category`(`id`,`content`) values (1,'多肉植物'),(2,'观花植物'),(3,'观叶植物'),(4,'草本植物'),(5,'木本植物'),(6,'水生植物'),(7,'室内植物'),(8,'水培植物'),(9,'食肉植物');

/*Table structure for table `collect` */

DROP TABLE IF EXISTS `collect`;

CREATE TABLE `collect` (
  `id` int(11) NOT NULL AUTO_INCREMENT,
  `user_id` int(11) NOT NULL COMMENT '点赞的用户',
  `question_id` int(11) NOT NULL COMMENT '被点赞的问题',
  PRIMARY KEY (`id`),
  KEY `fk_praise_question` (`question_id`),
  KEY `fk_praise_user` (`user_id`),
  CONSTRAINT `fk_praise_question` FOREIGN KEY (`question_id`) REFERENCES `question` (`id`) ON DELETE CASCADE ON UPDATE CASCADE,
  CONSTRAINT `fk_praise_user` FOREIGN KEY (`user_id`) REFERENCES `user` (`id`) ON DELETE CASCADE ON UPDATE CASCADE
) ENGINE=InnoDB AUTO_INCREMENT=82 DEFAULT CHARSET=utf8;

/*Data for the table `collect` */

insert  into `collect`(`id`,`user_id`,`question_id`) values (55,6,18),(57,1,18),(62,11,20),(64,12,5),(66,6,9),(67,18,28),(68,12,28),(69,12,17),(70,12,26),(71,12,23),(72,12,30),(73,6,31),(74,6,28),(75,2,28),(76,2,20),(77,2,30),(78,2,26),(79,8,32),(80,24,27),(81,6,34);

/*Table structure for table `manager` */

DROP TABLE IF EXISTS `manager`;

CREATE TABLE `manager` (
  `id` int(11) NOT NULL AUTO_INCREMENT COMMENT '管理员的唯一标识',
  `email` varchar(40) NOT NULL COMMENT '管理员的邮箱(账号)',
  `password` varchar(16) NOT NULL COMMENT '管理员的登录密码',
  PRIMARY KEY (`id`),
  UNIQUE KEY `email` (`email`)
) ENGINE=InnoDB AUTO_INCREMENT=2 DEFAULT CHARSET=utf8;

/*Data for the table `manager` */

insert  into `manager`(`id`,`email`,`password`) values (1,'123456@qq.com','888888');

/*Table structure for table `message` */

DROP TABLE IF EXISTS `message`;

CREATE TABLE `message` (
  `id` int(11) NOT NULL AUTO_INCREMENT,
  `content` text NOT NULL COMMENT '信息内容',
  `time` datetime NOT NULL COMMENT '发送信息时间',
  `user_id_j` int(11) NOT NULL COMMENT '接收信息的用户',
  `user_id_f` int(11) NOT NULL COMMENT '发送信息的用户',
  `handle` int(11) NOT NULL COMMENT '是否处理',
  PRIMARY KEY (`id`),
  KEY `fk_message_user_j` (`user_id_j`),
  KEY `fk_message_user_f` (`user_id_f`),
  CONSTRAINT `fk_message_user_f` FOREIGN KEY (`user_id_f`) REFERENCES `user` (`id`) ON DELETE CASCADE ON UPDATE CASCADE,
  CONSTRAINT `fk_message_user_j` FOREIGN KEY (`user_id_j`) REFERENCES `user` (`id`) ON DELETE CASCADE ON UPDATE CASCADE
) ENGINE=InnoDB AUTO_INCREMENT=29 DEFAULT CHARSET=utf8;

/*Data for the table `message` */

insert  into `message`(`id`,`content`,`time`,`user_id_j`,`user_id_f`,`handle`) values (1,'你好呀,请问下夕日红是如何施肥的???','2018-12-26 16:53:30',10,6,0),(2,'给我个清空可好,我去','2018-12-26 16:53:58',10,6,0),(11,'一日三餐,每餐后浇点水就好了,一个星期放点草木灰进行会好很多的.','2018-12-26 17:00:00',6,10,0),(14,'在吗在吗?问你个事啊兄弟','2018-12-26 17:10:55',6,7,0),(15,'怎么啦?有事就说吧,能帮上忙的我一定会帮的','2018-12-26 17:30:40',7,6,0),(16,'向日葵是如何跟着太阳转的呢,是因为热量还是光线的原因啊?','2018-12-26 17:41:35',6,2,0),(17,'兄嘚,你看我一天早出晚归的,哪能一天浇3次水啊!','2018-12-26 21:35:28',10,6,0),(18,'那你就不浇水了吧,少一次也没什么的','2018-12-26 21:37:32',6,10,0),(19,'我当然知道没什么啊,死倒是应该死不了,就是不太好受而已','2018-12-26 21:43:21',10,6,0),(20,'哎,这时间有点难看啊','2018-12-26 21:48:41',6,10,0),(21,'不好意思哈,我也不太懂,以我的直觉吧,我觉得2个都会有,热量应该偏多一点点.','2018-12-26 21:53:22',2,6,0),(22,'您好!','2018-12-27 15:37:11',7,6,0),(23,'兄嘚,今晚出去听个技术讲座了,听说是北方的某个领域的大佬过来演讲的,还是免费的哦!!!','2018-12-31 17:59:54',3,6,0),(24,'你好,想问你个问题','2019-01-05 20:55:55',7,8,0),(25,'你好','2019-01-05 20:56:41',8,7,0),(26,'阿萨德','2019-01-06 13:34:27',7,25,0),(27,'啊实打实地方','2019-01-06 13:39:09',7,25,0),(28,'asdasd','2019-01-06 13:40:06',25,7,0);

/*Table structure for table `permission` */

DROP TABLE IF EXISTS `permission`;

CREATE TABLE `permission` (
  `id` int(11) NOT NULL AUTO_INCREMENT,
  `name` varchar(8) NOT NULL,
  PRIMARY KEY (`id`)
) ENGINE=InnoDB AUTO_INCREMENT=3 DEFAULT CHARSET=utf8;

/*Data for the table `permission` */

insert  into `permission`(`id`,`name`) values (1,'普通用户'),(2,'达人用户');

/*Table structure for table `praise` */

DROP TABLE IF EXISTS `praise`;

CREATE TABLE `praise` (
  `id` int(11) NOT NULL AUTO_INCREMENT,
  `user_id` int(11) NOT NULL COMMENT '点赞的用户',
  `answer_id` int(11) NOT NULL COMMENT '被点赞的答案',
  PRIMARY KEY (`id`),
  KEY `fk_praise_two_answer` (`answer_id`),
  KEY `fk_praise_two_user` (`user_id`),
  CONSTRAINT `fk_praise_two_question` FOREIGN KEY (`answer_id`) REFERENCES `answer` (`id`) ON DELETE CASCADE ON UPDATE CASCADE,
  CONSTRAINT `fk_praise_two_user` FOREIGN KEY (`user_id`) REFERENCES `user` (`id`) ON DELETE CASCADE ON UPDATE CASCADE
) ENGINE=InnoDB AUTO_INCREMENT=69 DEFAULT CHARSET=utf8;

/*Data for the table `praise` */

insert  into `praise`(`id`,`user_id`,`answer_id`) values (55,6,11),(56,6,24),(58,12,33),(59,10,52),(60,13,58),(61,13,57),(62,6,60),(63,6,58),(64,2,69),(65,24,72),(66,24,63),(67,24,57),(68,25,73);

/*Table structure for table `question` */

DROP TABLE IF EXISTS `question`;

CREATE TABLE `question` (
  `id` int(11) NOT NULL AUTO_INCREMENT,
  `title` varchar(30) NOT NULL COMMENT '问题标题',
  `content` text NOT NULL COMMENT '问题内容',
  `time` datetime NOT NULL COMMENT '发表时间',
  `praise` int(11) DEFAULT '0' COMMENT '赞的数量',
  `category_id` int(11) NOT NULL COMMENT '(外键)category表的主键',
  `user_id` int(11) NOT NULL COMMENT '(外键)user表的主键',
  `optimal` int(11) NOT NULL DEFAULT '0',
  `urgent` int(11) NOT NULL DEFAULT '0',
  PRIMARY KEY (`id`),
  KEY `fk_question_user` (`user_id`),
  KEY `fk_question_category` (`category_id`),
  CONSTRAINT `fk_question_category` FOREIGN KEY (`category_id`) REFERENCES `category` (`id`) ON DELETE CASCADE ON UPDATE CASCADE,
  CONSTRAINT `fk_question_user` FOREIGN KEY (`user_id`) REFERENCES `user` (`id`) ON DELETE CASCADE ON UPDATE CASCADE
) ENGINE=InnoDB AUTO_INCREMENT=37 DEFAULT CHARSET=utf8;

/*Data for the table `question` */

insert  into `question`(`id`,`title`,`content`,`time`,`praise`,`category_id`,`user_id`,`optimal`,`urgent`) values (1,'你好哟','<p>请在次填写问题的详细内容...</p><h2>二、解决方法：</h2><h3><a name=\"t2\" target=\"_blank\"></a>第一种：使用通用mapper的插入方法</h3><p>Mapper.insertSelective(record)；</p><p>此方法：插入一条数据,只插入不为null的字段,不会影响有默认值的字段<br>支持Oracle序列,UUID,类似Mysql的INDENTITY自动增长(自动回写)<br>优先使用传入的参数值,参数值空时,才会使用序列、UUID,自动增长</p><p><br>controller的实际应用：使用方法id会直接将映射到参数的实体上使用时直接使用参数的实体get获取值</p><p>&nbsp;</p><p>通用mapper相关配置查看其它文章 &nbsp;&nbsp;http://blog.csdn.net/isea533/article/details/41457529</p><p>&nbsp;<img src=\"http://localhost:8080/static/upload/3714b724-4f49-499d-9c1d-ac916928c2f0.jpg\" style=\"background-color: transparent;\"></p>','2018-11-24 21:07:29',10,1,1,22,0),(2,'吖,椰汁味道怪怪的呢','<p>请在次填写问题的详细内容...</p><p><img src=\"http://img.t.sinajs.cn/t4/appstyle/expression/ext/normal/50/pcmoren_huaixiao_org.png\" alt=\"[坏笑]\" data-w-e=\"1\"><img src=\"http://localhost:8080/static/upload/5768108e-3fe0-458f-b2a3-3e51c42c3c7d.jpg\" style=\"background-color: transparent;\"><br></p>','2018-11-24 21:26:53',2,1,2,0,0),(3,'你好友','<p><span style=\"text-decoration-line: underline;\">请在次填写问题的详细内容...</span></p><p><span style=\"text-decoration-line: underline;\">大厦法定</span></p><p><span style=\"text-decoration-line: underline;\">大师法第三方</span></p><h2 style=\"text-align: center;\">你好友,我叫赛利亚</h2>','2018-11-24 21:28:49',55,7,1,0,0),(4,'谷子是什么？是小米吗？','<p>“谷子是什么？”有一天，8岁儿子突然跑过来问我。&nbsp;</p><p><span style=\"background-color: transparent;\">也不知道儿子从哪里听到或者看到了谷子这个词语，然后好奇的跑过来问我。本来以为孩子会知道谷子是什么，因为小时候，谷子就在我们身边，我们每天都能看到的，吃着的粮食。转念一想，哦，现在的孩子没有下过田，甚至连小麦或者水稻的植株都没有见过吧。</span></p><p><span style=\"background-color: transparent;\">“小米是谷子长出来的，就像大米是水稻长出来的一样！谷子苗慢慢的长大结出有一层壳的果实谷子，然后把谷子壳去掉就成我们吃的小米，然后用小米来熬粥就是小米粥啦！”我耐心给儿子解释道！</span></p><p><span style=\"background-color: transparent;\">“那谷子长什么样？”我停顿了一下，现在不是在田地里，怎么解释给他听呢？我说：“回家，我给你找几个图片看看，好不好！”</span></p><p><span style=\"background-color: transparent;\">回家后，我在电脑上搜索出了一些图片给他看，他心满意足的说到：“原来这就是谷子啊！还挺好看的，哦，哦，哦……”</span></p><p><img src=\"http://www.huacaoshumu.net/attached/tupian/G15/20151104-6.jpg\" style=\"background-color: transparent;\">&nbsp;<br></p><p><br></p>','2018-11-25 20:46:08',104,4,1,23,0),(5,'葡萄上的白霜是什么？咋洗掉？','<p>请在<span style=\"background-color: transparent;\">秋天，带来的不仅仅是气温逐渐下降，更多的是收获的喜悦，各种水果大量上市，尤其是葡萄，晶莹剔透，吃起来更是甜到心里。</span></p><p>但是葡萄表面的那层白霜就是那么讨人喜欢了，很多朋友对于葡萄表面的这层白霜颇有意见，最近，“葡萄感染各种真菌，果农会喷洒很多很多的农药，一定要清洗干净”的传言四起，于是乎，这层白霜就被大多数人当成了农药残留的标志。&nbsp;&nbsp;<span style=\"background-color: transparent;\"><br></span></p><p>爱吃葡萄的宝宝心里慌了，这葡萄都是一串串的，难道真的有如此多的农药残留，还能放心吃葡萄吗？&nbsp;</p><p><img src=\"http://www.huacaoshumu.net/attached/tupian/P6/20140608-3.jpg\" style=\"background-color: transparent;\">&nbsp;<br></p><p><strong>葡萄上的白霜是农药？</strong>&nbsp;</p><p><span style=\"background-color: transparent;\">其实，葡萄表面的这层白霜并不是农药残留，是葡萄表面上的一层蜡质，其主要的作用是用来保护葡萄中的水分，防止水分蒸发，如果您购买的葡萄表面覆盖着白霜，说明葡萄更加新鲜，您就不用担心葡萄被农药污染的问题。</span>&nbsp;<br></p>','2018-11-25 20:48:28',83,5,3,0,1),(6,'藜麦怎么吃|藜麦的食用方法','<p>请在<span style=\"background-color: transparent;\">每人每天最低食用的藜麦在50克，即可提供人体一天营养的基本需求，建议食用前清水浸泡一会，一般浸泡2小时后藜麦就开始萌动，这时的藜麦营养活性最强。最佳藜麦食用配比1:3（即1份藜麦搭配3份大米进行食用），以下详细介绍藜麦的具体食用方法。</span></p><p><strong>可蒸食</strong></p><p>单独使用天藜藜麦进行焖饭。焖的时间约为10—15分钟左右，令其膨胀、变透明后即可使用。</p><p>例如：藜麦饭 （红藜麦：50克 水：125克。将藜麦洗净，过一两遍水即可使用电饭锅进行焖饭。）</p><p><img src=\"http://www.huacaoshumu.net/attached/image/20150831/20150831130505_84496.jpg\"><br></p><p><strong>可做配菜</strong></p><p>藜麦还可以搭配其他食材制作特色菜肴。例如：藜麦海参、天藜藜麦水果沙拉，比较适合爱美减肥女性。</p><p>天藜藜麦发芽后配合其他食材食用，营养更高。</p><p><br></p>','2018-11-25 20:53:29',14,1,1,11,0),(8,'叶片是如何长出正反面的？','<p>如果细心观察过植物的叶片，你应该可以轻易分辨出叶片的正反两面：叶片的向阳面（也叫近轴面，即朝向茎的那一面）比较光滑，有比较厚的蜡质层，并且颜色更翠绿一些；而相对的，向地面（远轴面）就要粗糙一些，角质层也薄一些。&nbsp;<img src=\"http://www.huacaoshumu.net/attached/image/20150127/20150127204401_90393.jpg\" style=\"background-color: transparent;\"><span style=\"background-color: transparent;\">&nbsp;</span></p><p>叶片的正反两面往往具有很大的差别.</p><p>这些特点是植物针对自己的生存和生理功能演化出的特征，对于植物的光合作用及蒸腾作用来说很有好处。叶片近轴面主要的功能是吸收阳光中的能量，进行光反应，因此叶肉细胞拥有比较多的叶绿素，相对来说，叶片的远轴面就没有那么多的叶绿素了，颜色自然要淡一些。事实上，阳光本身能促进叶绿素的合成，在阳光不足的地方生长的植物就会因为缺乏叶绿素而变得黄黄的。叶片的向地面主要进行光合所需的气体交换，因此叶片背面分布的防止水分散失的角质层自然也薄一些。此外，叶片的正面拥有比较多的叶毛，尤其是在叶片还比较小的时期叶毛相对来说非常丰富，而叶片的反面则相对光滑，叶毛的密度很低——这也是一个很有意思的现象。现在的观点认为这些毛茸茸的结构，包括可以分泌次生代谢物的腺毛，可以保护包含在叶片中间柔嫩的茎顶端分生组织。</p>','2018-11-25 21:02:42',44,3,2,0,0),(9,'植物为啥落叶？','<p>诗人面对秋天落叶的景象，不免要感伤一番。但是笔者最喜欢的是李白的那首：“草不谢荣于春风，木不怨落于秋天。谁挥鞭策驱四运，万物兴歇皆自然。&nbsp;</p><p><span style=\"background-color: transparent;\">确实，这岁月轮回的风景，也只有大自然才能够驱策吧。今天，笔者就来和朋友们聊聊这落叶背后的自然之道。</span></p><p><img src=\"http://www.huacaoshumu.net/attached/image/20181118/20181118213525_77924.jpg\" style=\"background-color: transparent;\"></p><p><strong>植物只在秋天落叶吗？不是，树叶有两种落法</strong></p><p><span style=\"background-color: transparent;\">叶子对于绝大部分树木来说，主要功能是生产“食物”。和动物一样，植物也需要消耗糖类以维持生理功能。只不过动物是靠吃，而植物主要靠阳光来自己制造。所以在生态系统中，植物一般也称为“生产者”，而动物称为“消费者”。</span>&nbsp;<br></p>','2018-11-25 21:04:10',68,5,1,3,0),(10,'adsfasdfasdf','<p><h1>准备工作</h1>oracle连接分为：<br><span style=\"color: rgb(194, 79, 74);\">左外连接：左表不加限制，保留左表的数据，匹配右表，右表没有匹配到的行中的列显示为null。</span><br>右外连接：右表不加限制，保留右表的数据。匹配左表，左表没有匹配到的行中列显示为null。<br>完全外连接：左右表都不加限制。即右外连接的结果为：左右表匹配的数据+左表没有匹配到的数据+右表没有匹配到的数据。<br><br>连接的语法：<br><img src=\"http://localhost:8080/static/upload/ae04f7a0-fec8-45fd-a542-be807e2d1dd4.jpg\"><br>left/right/full outer join ...on<br>left/right/full join ...on<br>(+)号的作用：+号可以理解为补充的意思，加在那个表的列上就代表这个表的列为补充。加在右表的列上代表右表为补充，为左连接。加在左表的列上代表左表为补充，为右连接。注意：完全外连接中不能使用+号。<br>--------------------- <br>作者：SuperMan-zhang <br>来源：CSDN <br>原文：https://blog.csdn.net/fly_zxy/article/details/53954377 <br>版权声明：本文为博主原创文章，转载请附上博文链接！</p>','2018-11-28 21:36:13',2,4,1,7,0),(11,'“石头植物”的名称是怎么得来的？','<p>请在次填写<span style=\"background-color: transparent;\">生长在安哥拉海岸的百岁兰的叶子真是常青不落，能活上百年。百岁兰的根系特别发达，常常地扎在地底下，将大量的水分吸收，送往叶片；夜晚，海雾形成的露水又能使叶面保持湿润。所以百岁兰的叶子一年到头，都不会缺水，能保持旺盛的生命力。</span></p><p><img src=\"http://img.mp.itc.cn/upload/20170301/5e052966509747b482cc70bd49500776_th.jpeg\"><span style=\"background-color: transparent;\"><br></span></p><p>大多数果树春天开花，夏秋果实成熟。但有些果树还会在秋天开一次花。这是因为气候异常或病虫害所致。秋天雨水多，气温高，会使已经处于休眠状态的花芽苏醒，提前开花。秋天果园里闹虫害，树叶大量脱落，也会惊醒已经入睡的花芽。&nbsp;</p><p><span style=\"background-color: transparent;\">该项研究的部分结果以Phylogeny and staminal evolution of</span><i style=\"background-color: transparent;\">&nbsp;Salvia</i><span style=\"background-color: transparent;\">&nbsp;(Lamiaceae, Nepetoideae) in East Asia发表于植物学研究经典期刊Annals of Botany上，并被遴选为封面文章。同时该论文第一作者胡国雄博士及共同通讯作者向春雷博士还应邀参加了2018年度美国植物学会年会的鼠尾草属专题会议，并分别做了题为“East Asian&nbsp;</span><i style=\"background-color: transparent;\">Salvia</i><span style=\"background-color: transparent;\">: New combinations, new taxa, and staminal evolution”和“Molecular phylogeny and taxonomy of East Asian&nbsp;</span><i style=\"background-color: transparent;\">Salvia</i><span style=\"background-color: transparent;\">&nbsp;(Lamiaceae, Nepetoideae)”的学术报告，进一步加强了与国际同行的交流。&nbsp;</span>&nbsp;<br></p>','2018-11-30 21:29:33',1,4,1,12,0),(12,'你好呀,我叫赛利亚','<p>请在次填<span style=\"background-color: transparent;\">世界知识产权组织3日发布了《世界知识产权指标》年度报告。报告显示，2017年全球共提交了317万件专利申请，连续第八年实现增长，涨幅为5.8%。</span></p><p><img src=\"http://localhost:8080/static/upload/8c79160a-b439-495c-945d-a15d5df50a56.jpg\"><span style=\"background-color: transparent;\"><br></span></p><p>数据显示，2017年，全球商标申请总量为1239万件，而工业品外观设计的申请总量为124万件。中国以上各类知识产权的申请量都位列世界第一。</p><p>“对知识产权保护的需求增速超过了全球经济增速，这表明由知识产权所支持的创新成为竞争和商业活动中愈发重要的组成部分，”世界知识产权组织总干事弗朗西斯·高锐说，“在短短几十年中，中国从无到有建立了知识产权制度，鼓励本土创新，并加入了全球知识产权引领者的行列——如今正在推动全球知识产权申请的增长。”</p><p>此外，全球植物品种申请量在2017年增长了11.7％，达到18490件，而来自82个国家和地区主管机构的数据显示，2017年共有约59500个受保护的地理标志（GI）。</p><p>同时，亚洲作为专利申请最活跃地区的地位得到了巩固。2017年，亚洲各主管局受理的专利申请占全球申请总量的65.1％——相比2007年的49.7％增幅显著。这一变化主要受益于中国经济增长的推动。（记者操秀英）</p>','2018-12-04 09:37:10',3,6,1,26,0),(17,'植物是生命的什么?','<p>植物是生命的主要形态之一，包含了如树木、灌木、藤类、青草、蕨类、及绿藻、地衣等熟悉的生物。种子植物、苔藓植物、蕨类植物和拟蕨类等植物中，据估计现存大约有 350 000个物种。绿色植物大部分的能源是经由光合作用从太阳光中得到的，温度、湿度、光线、淡水是植物生存的基本需求。种子植物共有六大器官：根、茎、叶、花、果实、种子。绿色植物具有光合作用的能力——借助光能及叶绿素，在酶的催化作业下，利用水、无机盐和二氧化碳进行光合作用，释放氧气，吸收二氧化碳，产生葡萄糖等有机物，供植物体利用。</p>','2018-12-05 11:38:27',23,7,3,0,1),(18,'生命的起源是由化学物质构成的?','<p>生命的起源是由化学物质构成的DNA和原生浆液。植物伊始距今二十五亿年前（元古代），地球史上最早出现的植物属于菌类和藻类，其后藻类一度非常繁盛。直到四亿三千八百万年前（志留纪），绿藻摆脱了水域环境的束缚，首次登陆大地，<br>植物家族树状图<br>植物家族树状图<br>进化为裸蕨类植物和蕨类植物。为大地首次添上绿装。三亿六千万年前（石炭纪），裸蕨灭绝，蕨类植物衰落。代之而起是石松类、楔叶类、真蕨类和种子蕨类，形成沼泽森林。古生代盛产的主要植物于二亿四千八百万年前（三叠纪）几乎全部灭绝，而裸子植物开始兴起，进化出花粉管，并完全摆脱对水的依赖，形成茂密的森林。在距今1亿4千万年前白垩纪开始的时候，更新、更进步的被子植物就已经从某种裸子植物当中分化出来。进入新生代以后，由于地球环境由中生代的全球均一性热带、亚热带气候逐渐变成在中、高纬度地区四季分明的多样化气候，蕨类植物因适应性的欠缺进一步衰落，裸子植物也因适应性的局限而开始走上了下坡路。这时，被子植物在遗传、发育的许多过程中以及茎叶等结构上的进步性、尤其是它们在花这个繁殖器官上所表现出的巨大进步性发挥了作用，使它们能够通过本身的遗传变异去适应那些变得严酷的环境条件反而发展得更快，分化出更多类型，到现代已经有了80多个目、200多个科。正是被子植物的花开花落，才把四季分明的新生代地球装点得分外美丽。</p><p><img src=\"https://gss1.bdstatic.com/9vo3dSag_xI4khGkpoWK1HF6hhy/baike/s%3D220/sign=8b32c73576f40ad111e4c0e1672c1151/6159252dd42a2834b5d2c60656b5c9ea15cebf43.jpg\"><br></p>','2018-12-05 11:42:49',9,6,3,0,0),(20,'求鉴定，这是什么灌木/花？','<p>今早去公司上班的时候路边看到的,请问各大同胞这到底是什么植物啊?</p><p>各种生长情况和过程是怎么样的呢?</p><p><img src=\"http://localhost:8080/static/upload/f8744a93-81c4-4283-bda2-344d8cb9b9d0.jpg\" style=\"max-width:100%;\"><br></p><p><img src=\"http://localhost:8080/static/upload/b0bc6fc0-ceae-461a-8487-e330e572d271.jpg\" style=\"max-width:100%;\"><br></p>','2018-12-14 11:39:34',2,2,10,0,0),(21,'家里的小红花怎么变黄了？','<p>今天一大早起来发现阳台的几盆小红花突然变黄了，请问是不是缺少了某种元素啊，现在该怎么办啊？<img src=\"http://localhost:8080/static/upload/2ccb3393-8465-457d-aaa4-22ad42e046d9.jpg\" style=\"background-color: transparent;\"></p>','2018-12-21 16:13:30',0,1,12,0,1),(23,'枣核作为种子，在一般条件下寿命有多长时间？','<p><img src=\"http://localhost:8080/static/upload/449ca86f-1ac8-473f-a390-5e0bf798bc37.jpg\"><br></p><p>家里自己种了一些红枣，请问下这些红枣吃剩下的枣核的活性大概能保存多久，就是在常温正常的环境之下而已？？？希望有经验的人士能为我解答下。</p>','2018-12-22 15:03:09',4,4,7,52,1),(25,'眼镜蛇瓶子草的栽培方法?','<p>眼镜蛇瓶子草是瓶子草科的其中一个属，为一种食虫植物，主要分布在美国加利福尼亚州北部与奥勒冈州。它们瓶盖的左右两侧黏连，形成一个球状的顶部，使得整个捕虫瓶几乎密封。球状的瓶盖与瓶身的衔接处有一个凹陷的缝隙。瓶盖和瓶身上有许多缺少叶绿素而呈现出白色的斑纹，阳光可以透过这些白斑射入捕虫瓶内。昆虫（大部分为蚂蚁）可以从狭缝中进入捕虫瓶。一旦进入后，它们会被这些白斑迷惑，误以为白斑处为出口而在捕虫瓶内迷失方向，最后落入消化液中而被消化 给眼镜蛇瓶子草浇灌的水一定要是软水，即雨水、蒸馏水、反渗透去离子水等。因为大部分地区的自来水中都含有大量的矿物质，尤其是钙盐，而眼镜蛇瓶子草这类食虫植物多生长在贫瘠的酸性土壤中，对钙盐十分敏感。 眼镜蛇瓶子草耐冷但怕热，尤其是根部要保持冰凉，日夜要有较大的温差；15~27度是它最适合的生长温度，能耐最低温度零下10,最高温度30度 眼镜蛇瓶子草喜欢强光，在温度不至于过高的情况下，可接受阳光的照射，同时植株顶部会呈现红色的网纹，非常的漂亮。<br><div style=\"text-align: center;\"><img src=\"http://localhost:8080/static/upload/3a6ba1f8-b75f-47b9-ac88-011bcc553271.jpg\" style=\"background-color: transparent;\"></div></p>','2018-12-29 21:04:25',0,9,2,0,1),(26,'红二齿猪笼草，这个草样，怎么办，都一年了?','<p>买回来都没有多久就变成这样了,浇多少水喝肥料都没有用,我怕不是买了个假的回来............</p><p><img src=\"http://localhost:8080/static/upload/e36b38e9-f6a6-4421-87c0-2ee2f186b5ca.jpg\"><br></p>','2018-12-29 21:15:58',2,9,6,0,1),(27,'六月雪盆景如何养护管理？','<p>六月雪盆景在养护上也不能马虎，不然会影响盆景的美观效果。要想六月雪盆景美观大方，首先要了解六月雪的生长习性，才能更好的养护好它。所以希望在这里能得到大家的一点经验。</p><p style=\"text-align: center;\"><img src=\"http://localhost:8080/static/upload/92363353-8044-4810-a011-8eee2e5448e8.png\"><br></p>','2019-01-03 16:09:56',1,2,18,0,1),(28,'小叶榕盆景怎么养？','<p><span style=\"font-weight: bold;\">小叶榕盆景</span>也属于榕树盆景的一种，属于桑科植物并且果实偏球型，果子的颜色多样，以红色的居多，小叶榕是以榕树为基本材料，为了达到使观赏榕树的树桩和根茎叶拥有奇异形态为目的修剪而成，下面我们来欣赏一下小叶榕盆景的图片，顺便想询问下小叶榕盆景怎么养。</p><p style=\"text-align: center;\"><img src=\"http://localhost:8080/static/upload/d5b92f63-0e7a-4dde-9f50-b2e1f7fa0ec1.png\"><br></p><p style=\"text-align: left;\">请大家多多指教！！！</p>','2019-01-03 16:12:31',4,5,18,0,0),(29,'马蔺的花语和传说？ ','<p><span style=\"background-color: transparent;\">马蔺又叫马莲、马兰、马兰花、旱蒲、蠡实、荔草、剧草、豕首、三坚、马韭。却也只知道这些了，最近突然想了解下它的花语与传说。</span></p><p><img src=\"http://localhost:8080/static/upload/f2fa6b3d-0702-4ed6-abb2-1bdc59f88f1d.jpg\"><span style=\"background-color: transparent;\"><br></span></p><p>很美，很好看的一种花！</p>','2019-01-03 16:20:42',0,2,12,0,0),(30,'风信子的水多久换一次合适？','<p><img src=\"http://localhost:8080/static/upload/809777da-ceb2-4863-b427-f721515f2d46.png\"><br></p><p>风信子，别名洋水仙，是我母亲的朋友送过来给我们的，现在的生长情况看起来并不是太好，想知道是不是因为水太久没换了。<br></p>','2019-01-03 16:34:19',2,8,12,0,0),(31,'多肉植物化水怎么办？ ','<p>大部分花友在多肉植物养植想必都遇到过化水问题吧。那么什么是化水呢?以及化水怎么处理呢?下面请大家分析下多肉植物化水的原因及解决方法。</p><p><img src=\"http://localhost:8080/static/upload/974d895a-4850-4373-ac58-18316eae2ae5.jpg\"><br></p>','2019-01-03 16:45:57',1,1,23,0,0),(32,'盆栽柠檬树怎么养? ','<p>我们吃过自己盆栽种的草莓、薄荷、金桔，那么你有没有想过炎热的夏季来了，有那么一棵柠檬树在家多好，随时可以摘柠檬泡水喝了。这个梦想不难实现哦，的确有人搞盆栽柠檬哦!那么问题来了，盆栽柠檬树怎么养?</p><p style=\"text-align: center;\"><img src=\"http://localhost:8080/static/upload/f4b746a3-d783-476d-b185-e264d089ca9e.jpg\"><br></p>','2019-01-05 17:52:56',1,1,7,75,0),(33,'紫叶李的繁殖技巧? ','<p><img src=\"http://localhost:8080/static/upload/23fce206-f6d6-49f0-b794-833f800c2e24.jpg\"><br></p><p>父亲种的一块地,这么多年了没见增加过,请问下有什么方法让它快速繁殖吗??</p>','2019-01-05 19:18:14',0,1,6,0,0),(34,'栀子花叶子发蔫的原因是什么？','<p><img src=\"http://localhost:8080/static/upload/7e7ea239-0d93-410a-8f05-fee52068a7bc.png\"><br></p><p>最近天气变得比较热,家里的<span style=\"background-color: transparent;\">栀子花叶子发蔫了,浇多少水好像都不起作用.......</span></p>','2019-01-05 19:46:37',1,1,2,0,0),(35,'阿斯顿发','<p class=\"MsoNormal\" style=\"text-indent:24.0pt;mso-char-indent-count:2.0;line-height:150%\"><span style=\"font-size:12.0pt;line-height:150%;font-family:宋体\">这是目前市场上连 <span>&nbsp;</span>接性能最好的连接池，因此与数据库的连接是高速且稳定的。<span lang=\"EN-US\"><o:p></o:p></span></span></p><p><!--[if gte mso 9]><xml> <o:OfficeDocumentSettings>  <o:AllowPNG/> </o:OfficeDocumentSettings></xml><![endif]--><!--[if gte mso 9]><xml> <w:WordDocument>  <w:View>Normal</w:View>  <w:Zoom>0</w:Zoom>  <w:TrackMoves/>  <w:TrackFormatting/>  <w:PunctuationKerning/>  <w:DrawingGridVerticalSpacing>7.8 磅</w:DrawingGridVerticalSpacing>  <w:DisplayHorizontalDrawingGridEvery>0</w:DisplayHorizontalDrawingGridEvery>  <w:DisplayVerticalDrawingGridEvery>2</w:DisplayVerticalDrawingGridEvery>  <w:ValidateAgainstSchemas/>  <w:SaveIfXMLInvalid>false</w:SaveIfXMLInvalid>  <w:IgnoreMixedContent>false</w:IgnoreMixedContent>  <w:AlwaysShowPlaceholderText>false</w:AlwaysShowPlaceholderText>  <w:DoNotPromoteQF/>  <w:LidThemeOther>EN-US</w:LidThemeOther>  <w:LidThemeAsian>ZH-CN</w:LidThemeAsian>  <w:LidThemeComplexScript>X-NONE</w:LidThemeComplexScript>  <w:Compatibility>   <w:SpaceForUL/>   <w:BalanceSingleByteDoubleByteWidth/>   <w:DoNotLeaveBackslashAlone/>   <w:ULTrailSpace/>   <w:DoNotExpandShiftReturn/>   <w:AdjustLineHeightInTable/>   <w:BreakWrappedTables/>   <w:SnapToGridInCell/>   <w:WrapTextWithPunct/>   <w:UseAsianBreakRules/>   <w:DontGrowAutofit/>   <w:SplitPgBreakAndParaMark/>   <w:EnableOpenTypeKerning/>   <w:DontFlipMirrorIndents/>   <w:OverrideTableStyleHps/>   <w:UseFELayout/>  </w:Compatibility>  <m:mathPr>   <m:mathFont m:val=\"Cambria Math\"/>   <m:brkBin m:val=\"before\"/>   <m:brkBinSub m:val=\"&#45;-\"/>   <m:smallFrac m:val=\"off\"/>   <m:dispDef/>   <m:lMargin m:val=\"0\"/>   <m:rMargin m:val=\"0\"/>   <m:defJc m:val=\"centerGroup\"/>   <m:wrapIndent m:val=\"1440\"/>   <m:intLim m:val=\"subSup\"/>   <m:naryLim m:val=\"undOvr\"/>  </m:mathPr></w:WordDocument></xml><![endif]--><!--[if gte mso 9]><xml> <w:LatentStyles DefLockedState=\"false\" DefUnhideWhenUsed=\"false\"  DefSemiHidden=\"false\" DefQFormat=\"false\" DefPriority=\"99\"  LatentStyleCount=\"371\">  <w:LsdException Locked=\"false\" Priority=\"0\" QFormat=\"true\" Name=\"Normal\"/>  <w:LsdException Locked=\"false\" Priority=\"9\" QFormat=\"true\" Name=\"heading 1\"/>  <w:LsdException Locked=\"false\" Priority=\"9\" SemiHidden=\"true\"   UnhideWhenUsed=\"true\" QFormat=\"true\" Name=\"heading 2\"/>  <w:LsdException Locked=\"false\" Priority=\"9\" SemiHidden=\"true\"   UnhideWhenUsed=\"true\" QFormat=\"true\" Name=\"heading 3\"/>  <w:LsdException Locked=\"false\" Priority=\"9\" SemiHidden=\"true\"   UnhideWhenUsed=\"true\" QFormat=\"true\" Name=\"heading 4\"/>  <w:LsdException Locked=\"false\" Priority=\"9\" SemiHidden=\"true\"   UnhideWhenUsed=\"true\" QFormat=\"true\" Name=\"heading 5\"/>  <w:LsdException Locked=\"false\" Priority=\"9\" SemiHidden=\"true\"   UnhideWhenUsed=\"true\" QFormat=\"true\" Name=\"heading 6\"/>  <w:LsdException Locked=\"false\" Priority=\"9\" SemiHidden=\"true\"   UnhideWhenUsed=\"true\" QFormat=\"true\" Name=\"heading 7\"/>  <w:LsdException Locked=\"false\" Priority=\"9\" SemiHidden=\"true\"   UnhideWhenUsed=\"true\" QFormat=\"true\" Name=\"heading 8\"/>  <w:LsdException Locked=\"false\" Priority=\"9\" SemiHidden=\"true\"   UnhideWhenUsed=\"true\" QFormat=\"true\" Name=\"heading 9\"/>  <w:LsdException Locked=\"false\" SemiHidden=\"true\" UnhideWhenUsed=\"true\"   Name=\"index 1\"/>  <w:LsdException Locked=\"false\" SemiHidden=\"true\" UnhideWhenUsed=\"true\"   Name=\"index 2\"/>  <w:LsdException Locked=\"false\" SemiHidden=\"true\" UnhideWhenUsed=\"true\"   Name=\"index 3\"/>  <w:LsdException Locked=\"false\" SemiHidden=\"true\" UnhideWhenUsed=\"true\"   Name=\"index 4\"/>  <w:LsdException Locked=\"false\" SemiHidden=\"true\" UnhideWhenUsed=\"true\"   Name=\"index 5\"/>  <w:LsdException Locked=\"false\" SemiHidden=\"true\" UnhideWhenUsed=\"true\"   Name=\"index 6\"/>  <w:LsdException Locked=\"false\" SemiHidden=\"true\" UnhideWhenUsed=\"true\"   Name=\"index 7\"/>  <w:LsdException Locked=\"false\" SemiHidden=\"true\" UnhideWhenUsed=\"true\"   Name=\"index 8\"/>  <w:LsdException Locked=\"false\" SemiHidden=\"true\" UnhideWhenUsed=\"true\"   Name=\"index 9\"/>  <w:LsdException Locked=\"false\" Priority=\"39\" SemiHidden=\"true\"   UnhideWhenUsed=\"true\" Name=\"toc 1\"/>  <w:LsdException Locked=\"false\" Priority=\"39\" SemiHidden=\"true\"   UnhideWhenUsed=\"true\" Name=\"toc 2\"/>  <w:LsdException Locked=\"false\" Priority=\"39\" SemiHidden=\"true\"   UnhideWhenUsed=\"true\" Name=\"toc 3\"/>  <w:LsdException Locked=\"false\" Priority=\"39\" SemiHidden=\"true\"   UnhideWhenUsed=\"true\" Name=\"toc 4\"/>  <w:LsdException Locked=\"false\" Priority=\"39\" SemiHidden=\"true\"   UnhideWhenUsed=\"true\" Name=\"toc 5\"/>  <w:LsdException Locked=\"false\" Priority=\"39\" SemiHidden=\"true\"   UnhideWhenUsed=\"true\" Name=\"toc 6\"/>  <w:LsdException Locked=\"false\" Priority=\"39\" SemiHidden=\"true\"   UnhideWhenUsed=\"true\" Name=\"toc 7\"/>  <w:LsdException Locked=\"false\" Priority=\"39\" SemiHidden=\"true\"   UnhideWhenUsed=\"true\" Name=\"toc 8\"/>  <w:LsdException Locked=\"false\" Priority=\"39\" SemiHidden=\"true\"   UnhideWhenUsed=\"true\" Name=\"toc 9\"/>  <w:LsdException Locked=\"false\" SemiHidden=\"true\" UnhideWhenUsed=\"true\"   Name=\"Normal Indent\"/>  <w:LsdException Locked=\"false\" SemiHidden=\"true\" UnhideWhenUsed=\"true\"   Name=\"footnote text\"/>  <w:LsdException Locked=\"false\" SemiHidden=\"true\" UnhideWhenUsed=\"true\"   Name=\"annotation text\"/>  <w:LsdException Locked=\"false\" SemiHidden=\"true\" UnhideWhenUsed=\"true\"   Name=\"header\"/>  <w:LsdException Locked=\"false\" SemiHidden=\"true\" UnhideWhenUsed=\"true\"   Name=\"footer\"/>  <w:LsdException Locked=\"false\" SemiHidden=\"true\" UnhideWhenUsed=\"true\"   Name=\"index heading\"/>  <w:LsdException Locked=\"false\" Priority=\"35\" SemiHidden=\"true\"   UnhideWhenUsed=\"true\" QFormat=\"true\" Name=\"caption\"/>  <w:LsdException Locked=\"false\" SemiHidden=\"true\" UnhideWhenUsed=\"true\"   Name=\"table of figures\"/>  <w:LsdException Locked=\"false\" SemiHidden=\"true\" UnhideWhenUsed=\"true\"   Name=\"envelope address\"/>  <w:LsdException Locked=\"false\" SemiHidden=\"true\" UnhideWhenUsed=\"true\"   Name=\"envelope return\"/>  <w:LsdException Locked=\"false\" SemiHidden=\"true\" UnhideWhenUsed=\"true\"   Name=\"footnote reference\"/>  <w:LsdException Locked=\"false\" SemiHidden=\"true\" UnhideWhenUsed=\"true\"   Name=\"annotation reference\"/>  <w:LsdException Locked=\"false\" SemiHidden=\"true\" UnhideWhenUsed=\"true\"   Name=\"line number\"/>  <w:LsdException Locked=\"false\" SemiHidden=\"true\" UnhideWhenUsed=\"true\"   Name=\"page number\"/>  <w:LsdException Locked=\"false\" SemiHidden=\"true\" UnhideWhenUsed=\"true\"   Name=\"endnote reference\"/>  <w:LsdException Locked=\"false\" SemiHidden=\"true\" UnhideWhenUsed=\"true\"   Name=\"endnote text\"/>  <w:LsdException Locked=\"false\" SemiHidden=\"true\" UnhideWhenUsed=\"true\"   Name=\"table of authorities\"/>  <w:LsdException Locked=\"false\" SemiHidden=\"true\" UnhideWhenUsed=\"true\"   Name=\"macro\"/>  <w:LsdException Locked=\"false\" SemiHidden=\"true\" UnhideWhenUsed=\"true\"   Name=\"toa heading\"/>  <w:LsdException Locked=\"false\" SemiHidden=\"true\" UnhideWhenUsed=\"true\"   Name=\"List\"/>  <w:LsdException Locked=\"false\" SemiHidden=\"true\" UnhideWhenUsed=\"true\"   Name=\"List Bullet\"/>  <w:LsdException Locked=\"false\" SemiHidden=\"true\" UnhideWhenUsed=\"true\"   Name=\"List Number\"/>  <w:LsdException Locked=\"false\" SemiHidden=\"true\" UnhideWhenUsed=\"true\"   Name=\"List 2\"/>  <w:LsdException Locked=\"false\" SemiHidden=\"true\" UnhideWhenUsed=\"true\"   Name=\"List 3\"/>  <w:LsdException Locked=\"false\" SemiHidden=\"true\" UnhideWhenUsed=\"true\"   Name=\"List 4\"/>  <w:LsdException Locked=\"false\" SemiHidden=\"true\" UnhideWhenUsed=\"true\"   Name=\"List 5\"/>  <w:LsdException Locked=\"false\" SemiHidden=\"true\" UnhideWhenUsed=\"true\"   Name=\"List Bullet 2\"/>  <w:LsdException Locked=\"false\" SemiHidden=\"true\" UnhideWhenUsed=\"true\"   Name=\"List Bullet 3\"/>  <w:LsdException Locked=\"false\" SemiHidden=\"true\" UnhideWhenUsed=\"true\"   Name=\"List Bullet 4\"/>  <w:LsdException Locked=\"false\" SemiHidden=\"true\" UnhideWhenUsed=\"true\"   Name=\"List Bullet 5\"/>  <w:LsdException Locked=\"false\" SemiHidden=\"true\" UnhideWhenUsed=\"true\"   Name=\"List Number 2\"/>  <w:LsdException Locked=\"false\" SemiHidden=\"true\" UnhideWhenUsed=\"true\"   Name=\"List Number 3\"/>  <w:LsdException Locked=\"false\" SemiHidden=\"true\" UnhideWhenUsed=\"true\"   Name=\"List Number 4\"/>  <w:LsdException Locked=\"false\" SemiHidden=\"true\" UnhideWhenUsed=\"true\"   Name=\"List Number 5\"/>  <w:LsdException Locked=\"false\" Priority=\"10\" QFormat=\"true\" Name=\"Title\"/>  <w:LsdException Locked=\"false\" SemiHidden=\"true\" UnhideWhenUsed=\"true\"   Name=\"Closing\"/>  <w:LsdException Locked=\"false\" SemiHidden=\"true\" UnhideWhenUsed=\"true\"   Name=\"Signature\"/>  <w:LsdException Locked=\"false\" Priority=\"0\" SemiHidden=\"true\"   UnhideWhenUsed=\"true\" Name=\"Default Paragraph Font\"/>  <w:LsdException Locked=\"false\" SemiHidden=\"true\" UnhideWhenUsed=\"true\"   Name=\"Body Text\"/>  <w:LsdException Locked=\"false\" SemiHidden=\"true\" UnhideWhenUsed=\"true\"   Name=\"Body Text Indent\"/>  <w:LsdException Locked=\"false\" SemiHidden=\"true\" UnhideWhenUsed=\"true\"   Name=\"List Continue\"/>  <w:LsdException Locked=\"false\" SemiHidden=\"true\" UnhideWhenUsed=\"true\"   Name=\"List Continue 2\"/>  <w:LsdException Locked=\"false\" SemiHidden=\"true\" UnhideWhenUsed=\"true\"   Name=\"List Continue 3\"/>  <w:LsdException Locked=\"false\" SemiHidden=\"true\" UnhideWhenUsed=\"true\"   Name=\"List Continue 4\"/>  <w:LsdException Locked=\"false\" SemiHidden=\"true\" UnhideWhenUsed=\"true\"   Name=\"List Continue 5\"/>  <w:LsdException Locked=\"false\" SemiHidden=\"true\" UnhideWhenUsed=\"true\"   Name=\"Message Header\"/>  <w:LsdException Locked=\"false\" Priority=\"11\" QFormat=\"true\" Name=\"Subtitle\"/>  <w:LsdException Locked=\"false\" SemiHidden=\"true\" UnhideWhenUsed=\"true\"   Name=\"Salutation\"/>  <w:LsdException Locked=\"false\" SemiHidden=\"true\" UnhideWhenUsed=\"true\"   Name=\"Date\"/>  <w:LsdException Locked=\"false\" SemiHidden=\"true\" UnhideWhenUsed=\"true\"   Name=\"Body Text First Indent\"/>  <w:LsdException Locked=\"false\" SemiHidden=\"true\" UnhideWhenUsed=\"true\"   Name=\"Body Text First Indent 2\"/>  <w:LsdException Locked=\"false\" SemiHidden=\"true\" UnhideWhenUsed=\"true\"   Name=\"Note Heading\"/>  <w:LsdException Locked=\"false\" SemiHidden=\"true\" UnhideWhenUsed=\"true\"   Name=\"Body Text 2\"/>  <w:LsdException Locked=\"false\" SemiHidden=\"true\" UnhideWhenUsed=\"true\"   Name=\"Body Text 3\"/>  <w:LsdException Locked=\"false\" SemiHidden=\"true\" UnhideWhenUsed=\"true\"   Name=\"Body Text Indent 2\"/>  <w:LsdException Locked=\"false\" SemiHidden=\"true\" UnhideWhenUsed=\"true\"   Name=\"Body Text Indent 3\"/>  <w:LsdException Locked=\"false\" SemiHidden=\"true\" UnhideWhenUsed=\"true\"   Name=\"Block Text\"/>  <w:LsdException Locked=\"false\" SemiHidden=\"true\" UnhideWhenUsed=\"true\"   Name=\"Hyperlink\"/>  <w:LsdException Locked=\"false\" SemiHidden=\"true\" UnhideWhenUsed=\"true\"   Name=\"FollowedHyperlink\"/>  <w:LsdException Locked=\"false\" Priority=\"22\" QFormat=\"true\" Name=\"Strong\"/>  <w:LsdException Locked=\"false\" Priority=\"20\" QFormat=\"true\" Name=\"Emphasis\"/>  <w:LsdException Locked=\"false\" SemiHidden=\"true\" UnhideWhenUsed=\"true\"   Name=\"Document Map\"/>  <w:LsdException Locked=\"false\" SemiHidden=\"true\" UnhideWhenUsed=\"true\"   Name=\"Plain Text\"/>  <w:LsdException Locked=\"false\" SemiHidden=\"true\" UnhideWhenUsed=\"true\"   Name=\"E-mail Signature\"/>  <w:LsdException Locked=\"false\" SemiHidden=\"true\" UnhideWhenUsed=\"true\"   Name=\"HTML Top of Form\"/>  <w:LsdException Locked=\"false\" SemiHidden=\"true\" UnhideWhenUsed=\"true\"   Name=\"HTML Bottom of Form\"/>  <w:LsdException Locked=\"false\" SemiHidden=\"true\" UnhideWhenUsed=\"true\"   Name=\"Normal (Web)\"/>  <w:LsdException Locked=\"false\" SemiHidden=\"true\" UnhideWhenUsed=\"true\"   Name=\"HTML Acronym\"/>  <w:LsdException Locked=\"false\" SemiHidden=\"true\" UnhideWhenUsed=\"true\"   Name=\"HTML Address\"/>  <w:LsdException Locked=\"false\" SemiHidden=\"true\" UnhideWhenUsed=\"true\"   Name=\"HTML Cite\"/>  <w:LsdException Locked=\"false\" SemiHidden=\"true\" UnhideWhenUsed=\"true\"   Name=\"HTML Code\"/>  <w:LsdException Locked=\"false\" SemiHidden=\"true\" UnhideWhenUsed=\"true\"   Name=\"HTML Definition\"/>  <w:LsdException Locked=\"false\" SemiHidden=\"true\" UnhideWhenUsed=\"true\"   Name=\"HTML Keyboard\"/>  <w:LsdException Locked=\"false\" SemiHidden=\"true\" UnhideWhenUsed=\"true\"   Name=\"HTML Preformatted\"/>  <w:LsdException Locked=\"false\" SemiHidden=\"true\" UnhideWhenUsed=\"true\"   Name=\"HTML Sample\"/>  <w:LsdException Locked=\"false\" SemiHidden=\"true\" UnhideWhenUsed=\"true\"   Name=\"HTML Typewriter\"/>  <w:LsdException Locked=\"false\" SemiHidden=\"true\" UnhideWhenUsed=\"true\"   Name=\"HTML Variable\"/>  <w:LsdException Locked=\"false\" SemiHidden=\"true\" UnhideWhenUsed=\"true\"   Name=\"Normal Table\"/>  <w:LsdException Locked=\"false\" SemiHidden=\"true\" UnhideWhenUsed=\"true\"   Name=\"annotation subject\"/>  <w:LsdException Locked=\"false\" SemiHidden=\"true\" UnhideWhenUsed=\"true\"   Name=\"No List\"/>  <w:LsdException Locked=\"false\" SemiHidden=\"true\" UnhideWhenUsed=\"true\"   Name=\"Outline List 1\"/>  <w:LsdException Locked=\"false\" SemiHidden=\"true\" UnhideWhenUsed=\"true\"   Name=\"Outline List 2\"/>  <w:LsdException Locked=\"false\" SemiHidden=\"true\" UnhideWhenUsed=\"true\"   Name=\"Outline List 3\"/>  <w:LsdException Locked=\"false\" SemiHidden=\"true\" UnhideWhenUsed=\"true\"   Name=\"Table Simple 1\"/>  <w:LsdException Locked=\"false\" SemiHidden=\"true\" UnhideWhenUsed=\"true\"   Name=\"Table Simple 2\"/>  <w:LsdException Locked=\"false\" SemiHidden=\"true\" UnhideWhenUsed=\"true\"   Name=\"Table Simple 3\"/>  <w:LsdException Locked=\"false\" SemiHidden=\"true\" UnhideWhenUsed=\"true\"   Name=\"Table Classic 1\"/>  <w:LsdException Locked=\"false\" SemiHidden=\"true\" UnhideWhenUsed=\"true\"   Name=\"Table Classic 2\"/>  <w:LsdException Locked=\"false\" SemiHidden=\"true\" UnhideWhenUsed=\"true\"   Name=\"Table Classic 3\"/>  <w:LsdException Locked=\"false\" SemiHidden=\"true\" UnhideWhenUsed=\"true\"   Name=\"Table Classic 4\"/>  <w:LsdException Locked=\"false\" SemiHidden=\"true\" UnhideWhenUsed=\"true\"   Name=\"Table Colorful 1\"/>  <w:LsdException Locked=\"false\" SemiHidden=\"true\" UnhideWhenUsed=\"true\"   Name=\"Table Colorful 2\"/>  <w:LsdException Locked=\"false\" SemiHidden=\"true\" UnhideWhenUsed=\"true\"   Name=\"Table Colorful 3\"/>  <w:LsdException Locked=\"false\" SemiHidden=\"true\" UnhideWhenUsed=\"true\"   Name=\"Table Columns 1\"/>  <w:LsdException Locked=\"false\" SemiHidden=\"true\" UnhideWhenUsed=\"true\"   Name=\"Table Columns 2\"/>  <w:LsdException Locked=\"false\" SemiHidden=\"true\" UnhideWhenUsed=\"true\"   Name=\"Table Columns 3\"/>  <w:LsdException Locked=\"false\" SemiHidden=\"true\" UnhideWhenUsed=\"true\"   Name=\"Table Columns 4\"/>  <w:LsdException Locked=\"false\" SemiHidden=\"true\" UnhideWhenUsed=\"true\"   Name=\"Table Columns 5\"/>  <w:LsdException Locked=\"false\" SemiHidden=\"true\" UnhideWhenUsed=\"true\"   Name=\"Table Grid 1\"/>  <w:LsdException Locked=\"false\" SemiHidden=\"true\" UnhideWhenUsed=\"true\"   Name=\"Table Grid 2\"/>  <w:LsdException Locked=\"false\" SemiHidden=\"true\" UnhideWhenUsed=\"true\"   Name=\"Table Grid 3\"/>  <w:LsdException Locked=\"false\" SemiHidden=\"true\" UnhideWhenUsed=\"true\"   Name=\"Table Grid 4\"/>  <w:LsdException Locked=\"false\" SemiHidden=\"true\" UnhideWhenUsed=\"true\"   Name=\"Table Grid 5\"/>  <w:LsdException Locked=\"false\" SemiHidden=\"true\" UnhideWhenUsed=\"true\"   Name=\"Table Grid 6\"/>  <w:LsdException Locked=\"false\" SemiHidden=\"true\" UnhideWhenUsed=\"true\"   Name=\"Table Grid 7\"/>  <w:LsdException Locked=\"false\" SemiHidden=\"true\" UnhideWhenUsed=\"true\"   Name=\"Table Grid 8\"/>  <w:LsdException Locked=\"false\" SemiHidden=\"true\" UnhideWhenUsed=\"true\"   Name=\"Table List 1\"/>  <w:LsdException Locked=\"false\" SemiHidden=\"true\" UnhideWhenUsed=\"true\"   Name=\"Table List 2\"/>  <w:LsdException Locked=\"false\" SemiHidden=\"true\" UnhideWhenUsed=\"true\"   Name=\"Table List 3\"/>  <w:LsdException Locked=\"false\" SemiHidden=\"true\" UnhideWhenUsed=\"true\"   Name=\"Table List 4\"/>  <w:LsdException Locked=\"false\" SemiHidden=\"true\" UnhideWhenUsed=\"true\"   Name=\"Table List 5\"/>  <w:LsdException Locked=\"false\" SemiHidden=\"true\" UnhideWhenUsed=\"true\"   Name=\"Table List 6\"/>  <w:LsdException Locked=\"false\" SemiHidden=\"true\" UnhideWhenUsed=\"true\"   Name=\"Table List 7\"/>  <w:LsdException Locked=\"false\" SemiHidden=\"true\" UnhideWhenUsed=\"true\"   Name=\"Table List 8\"/>  <w:LsdException Locked=\"false\" SemiHidden=\"true\" UnhideWhenUsed=\"true\"   Name=\"Table 3D effects 1\"/>  <w:LsdException Locked=\"false\" SemiHidden=\"true\" UnhideWhenUsed=\"true\"   Name=\"Table 3D effects 2\"/>  <w:LsdException Locked=\"false\" SemiHidden=\"true\" UnhideWhenUsed=\"true\"   Name=\"Table 3D effects 3\"/>  <w:LsdException Locked=\"false\" SemiHidden=\"true\" UnhideWhenUsed=\"true\"   Name=\"Table Contemporary\"/>  <w:LsdException Locked=\"false\" SemiHidden=\"true\" UnhideWhenUsed=\"true\"   Name=\"Table Elegant\"/>  <w:LsdException Locked=\"false\" SemiHidden=\"true\" UnhideWhenUsed=\"true\"   Name=\"Table Professional\"/>  <w:LsdException Locked=\"false\" SemiHidden=\"true\" UnhideWhenUsed=\"true\"   Name=\"Table Subtle 1\"/>  <w:LsdException Locked=\"false\" SemiHidden=\"true\" UnhideWhenUsed=\"true\"   Name=\"Table Subtle 2\"/>  <w:LsdException Locked=\"false\" SemiHidden=\"true\" UnhideWhenUsed=\"true\"   Name=\"Table Web 1\"/>  <w:LsdException Locked=\"false\" SemiHidden=\"true\" UnhideWhenUsed=\"true\"   Name=\"Table Web 2\"/>  <w:LsdException Locked=\"false\" SemiHidden=\"true\" UnhideWhenUsed=\"true\"   Name=\"Table Web 3\"/>  <w:LsdException Locked=\"false\" SemiHidden=\"true\" UnhideWhenUsed=\"true\"   Name=\"Balloon Text\"/>  <w:LsdException Locked=\"false\" Priority=\"39\" Name=\"Table Grid\"/>  <w:LsdException Locked=\"false\" SemiHidden=\"true\" UnhideWhenUsed=\"true\"   Name=\"Table Theme\"/>  <w:LsdException Locked=\"false\" SemiHidden=\"true\" Name=\"Placeholder Text\"/>  <w:LsdException Locked=\"false\" Priority=\"1\" QFormat=\"true\" Name=\"No Spacing\"/>  <w:LsdException Locked=\"false\" Priority=\"60\" Name=\"Light Shading\"/>  <w:LsdException Locked=\"false\" Priority=\"61\" Name=\"Light List\"/>  <w:LsdException Locked=\"false\" Priority=\"62\" Name=\"Light Grid\"/>  <w:LsdException Locked=\"false\" Priority=\"63\" Name=\"Medium Shading 1\"/>  <w:LsdException Locked=\"false\" Priority=\"64\" Name=\"Medium Shading 2\"/>  <w:LsdException Locked=\"false\" Priority=\"65\" Name=\"Medium List 1\"/>  <w:LsdException Locked=\"false\" Priority=\"66\" Name=\"Medium List 2\"/>  <w:LsdException Locked=\"false\" Priority=\"67\" Name=\"Medium Grid 1\"/>  <w:LsdException Locked=\"false\" Priority=\"68\" Name=\"Medium Grid 2\"/>  <w:LsdException Locked=\"false\" Priority=\"69\" Name=\"Medium Grid 3\"/>  <w:LsdException Locked=\"false\" Priority=\"70\" Name=\"Dark List\"/>  <w:LsdException Locked=\"false\" Priority=\"71\" Name=\"Colorful Shading\"/>  <w:LsdException Locked=\"false\" Priority=\"72\" Name=\"Colorful List\"/>  <w:LsdException Locked=\"false\" Priority=\"73\" Name=\"Colorful Grid\"/>  <w:LsdException Locked=\"false\" Priority=\"60\" Name=\"Light Shading Accent 1\"/>  <w:LsdException Locked=\"false\" Priority=\"61\" Name=\"Light List Accent 1\"/>  <w:LsdException Locked=\"false\" Priority=\"62\" Name=\"Light Grid Accent 1\"/>  <w:LsdException Locked=\"false\" Priority=\"63\" Name=\"Medium Shading 1 Accent 1\"/>  <w:LsdException Locked=\"false\" Priority=\"64\" Name=\"Medium Shading 2 Accent 1\"/>  <w:LsdException Locked=\"false\" Priority=\"65\" Name=\"Medium List 1 Accent 1\"/>  <w:LsdException Locked=\"false\" SemiHidden=\"true\" Name=\"Revision\"/>  <w:LsdException Locked=\"false\" Priority=\"34\" QFormat=\"true\"   Name=\"List Paragraph\"/>  <w:LsdException Locked=\"false\" Priority=\"29\" QFormat=\"true\" Name=\"Quote\"/>  <w:LsdException Locked=\"false\" Priority=\"30\" QFormat=\"true\"   Name=\"Intense Quote\"/>  <w:LsdException Locked=\"false\" Priority=\"66\" Name=\"Medium List 2 Accent 1\"/>  <w:LsdException Locked=\"false\" Priority=\"67\" Name=\"Medium Grid 1 Accent 1\"/>  <w:LsdException Locked=\"false\" Priority=\"68\" Name=\"Medium Grid 2 Accent 1\"/>  <w:LsdException Locked=\"false\" Priority=\"69\" Name=\"Medium Grid 3 Accent 1\"/>  <w:LsdException Locked=\"false\" Priority=\"70\" Name=\"Dark List Accent 1\"/>  <w:LsdException Locked=\"false\" Priority=\"71\" Name=\"Colorful Shading Accent 1\"/>  <w:LsdException Locked=\"false\" Priority=\"72\" Name=\"Colorful List Accent 1\"/>  <w:LsdException Locked=\"false\" Priority=\"73\" Name=\"Colorful Grid Accent 1\"/>  <w:LsdException Locked=\"false\" Priority=\"60\" Name=\"Light Shading Accent 2\"/>  <w:LsdException Locked=\"false\" Priority=\"61\" Name=\"Light List Accent 2\"/>  <w:LsdException Locked=\"false\" Priority=\"62\" Name=\"Light Grid Accent 2\"/>  <w:LsdException Locked=\"false\" Priority=\"63\" Name=\"Medium Shading 1 Accent 2\"/>  <w:LsdException Locked=\"false\" Priority=\"64\" Name=\"Medium Shading 2 Accent 2\"/>  <w:LsdException Locked=\"false\" Priority=\"65\" Name=\"Medium List 1 Accent 2\"/>  <w:LsdException Locked=\"false\" Priority=\"66\" Name=\"Medium List 2 Accent 2\"/>  <w:LsdException Locked=\"false\" Priority=\"67\" Name=\"Medium Grid 1 Accent 2\"/>  <w:LsdException Locked=\"false\" Priority=\"68\" Name=\"Medium Grid 2 Accent 2\"/>  <w:LsdException Locked=\"false\" Priority=\"69\" Name=\"Medium Grid 3 Accent 2\"/>  <w:LsdException Locked=\"false\" Priority=\"70\" Name=\"Dark List Accent 2\"/>  <w:LsdException Locked=\"false\" Priority=\"71\" Name=\"Colorful Shading Accent 2\"/>  <w:LsdException Locked=\"false\" Priority=\"72\" Name=\"Colorful List Accent 2\"/>  <w:LsdException Locked=\"false\" Priority=\"73\" Name=\"Colorful Grid Accent 2\"/>  <w:LsdException Locked=\"false\" Priority=\"60\" Name=\"Light Shading Accent 3\"/>  <w:LsdException Locked=\"false\" Priority=\"61\" Name=\"Light List Accent 3\"/>  <w:LsdException Locked=\"false\" Priority=\"62\" Name=\"Light Grid Accent 3\"/>  <w:LsdException Locked=\"false\" Priority=\"63\" Name=\"Medium Shading 1 Accent 3\"/>  <w:LsdException Locked=\"false\" Priority=\"64\" Name=\"Medium Shading 2 Accent 3\"/>  <w:LsdException Locked=\"false\" Priority=\"65\" Name=\"Medium List 1 Accent 3\"/>  <w:LsdException Locked=\"false\" Priority=\"66\" Name=\"Medium List 2 Accent 3\"/>  <w:LsdException Locked=\"false\" Priority=\"67\" Name=\"Medium Grid 1 Accent 3\"/>  <w:LsdException Locked=\"false\" Priority=\"68\" Name=\"Medium Grid 2 Accent 3\"/>  <w:LsdException Locked=\"false\" Priority=\"69\" Name=\"Medium Grid 3 Accent 3\"/>  <w:LsdException Locked=\"false\" Priority=\"70\" Name=\"Dark List Accent 3\"/>  <w:LsdException Locked=\"false\" Priority=\"71\" Name=\"Colorful Shading Accent 3\"/>  <w:LsdException Locked=\"false\" Priority=\"72\" Name=\"Colorful List Accent 3\"/>  <w:LsdException Locked=\"false\" Priority=\"73\" Name=\"Colorful Grid Accent 3\"/>  <w:LsdException Locked=\"false\" Priority=\"60\" Name=\"Light Shading Accent 4\"/>  <w:LsdException Locked=\"false\" Priority=\"61\" Name=\"Light List Accent 4\"/>  <w:LsdException Locked=\"false\" Priority=\"62\" Name=\"Light Grid Accent 4\"/>  <w:LsdException Locked=\"false\" Priority=\"63\" Name=\"Medium Shading 1 Accent 4\"/>  <w:LsdException Locked=\"false\" Priority=\"64\" Name=\"Medium Shading 2 Accent 4\"/>  <w:LsdException Locked=\"false\" Priority=\"65\" Name=\"Medium List 1 Accent 4\"/>  <w:LsdException Locked=\"false\" Priority=\"66\" Name=\"Medium List 2 Accent 4\"/>  <w:LsdException Locked=\"false\" Priority=\"67\" Name=\"Medium Grid 1 Accent 4\"/>  <w:LsdException Locked=\"false\" Priority=\"68\" Name=\"Medium Grid 2 Accent 4\"/>  <w:LsdException Locked=\"false\" Priority=\"69\" Name=\"Medium Grid 3 Accent 4\"/>  <w:LsdException Locked=\"false\" Priority=\"70\" Name=\"Dark List Accent 4\"/>  <w:LsdException Locked=\"false\" Priority=\"71\" Name=\"Colorful Shading Accent 4\"/>  <w:LsdException Locked=\"false\" Priority=\"72\" Name=\"Colorful List Accent 4\"/>  <w:LsdException Locked=\"false\" Priority=\"73\" Name=\"Colorful Grid Accent 4\"/>  <w:LsdException Locked=\"false\" Priority=\"60\" Name=\"Light Shading Accent 5\"/>  <w:LsdException Locked=\"false\" Priority=\"61\" Name=\"Light List Accent 5\"/>  <w:LsdException Locked=\"false\" Priority=\"62\" Name=\"Light Grid Accent 5\"/>  <w:LsdException Locked=\"false\" Priority=\"63\" Name=\"Medium Shading 1 Accent 5\"/>  <w:LsdException Locked=\"false\" Priority=\"64\" Name=\"Medium Shading 2 Accent 5\"/>  <w:LsdException Locked=\"false\" Priority=\"65\" Name=\"Medium List 1 Accent 5\"/>  <w:LsdException Locked=\"false\" Priority=\"66\" Name=\"Medium List 2 Accent 5\"/>  <w:LsdException Locked=\"false\" Priority=\"67\" Name=\"Medium Grid 1 Accent 5\"/>  <w:LsdException Locked=\"false\" Priority=\"68\" Name=\"Medium Grid 2 Accent 5\"/>  <w:LsdException Locked=\"false\" Priority=\"69\" Name=\"Medium Grid 3 Accent 5\"/>  <w:LsdException Locked=\"false\" Priority=\"70\" Name=\"Dark List Accent 5\"/>  <w:LsdException Locked=\"false\" Priority=\"71\" Name=\"Colorful Shading Accent 5\"/>  <w:LsdException Locked=\"false\" Priority=\"72\" Name=\"Colorful List Accent 5\"/>  <w:LsdException Locked=\"false\" Priority=\"73\" Name=\"Colorful Grid Accent 5\"/>  <w:LsdException Locked=\"false\" Priority=\"60\" Name=\"Light Shading Accent 6\"/>  <w:LsdException Locked=\"false\" Priority=\"61\" Name=\"Light List Accent 6\"/>  <w:LsdException Locked=\"false\" Priority=\"62\" Name=\"Light Grid Accent 6\"/>  <w:LsdException Locked=\"false\" Priority=\"63\" Name=\"Medium Shading 1 Accent 6\"/>  <w:LsdException Locked=\"false\" Priority=\"64\" Name=\"Medium Shading 2 Accent 6\"/>  <w:LsdException Locked=\"false\" Priority=\"65\" Name=\"Medium List 1 Accent 6\"/>  <w:LsdException Locked=\"false\" Priority=\"66\" Name=\"Medium List 2 Accent 6\"/>  <w:LsdException Locked=\"false\" Priority=\"67\" Name=\"Medium Grid 1 Accent 6\"/>  <w:LsdException Locked=\"false\" Priority=\"68\" Name=\"Medium Grid 2 Accent 6\"/>  <w:LsdException Locked=\"false\" Priority=\"69\" Name=\"Medium Grid 3 Accent 6\"/>  <w:LsdException Locked=\"false\" Priority=\"70\" Name=\"Dark List Accent 6\"/>  <w:LsdException Locked=\"false\" Priority=\"71\" Name=\"Colorful Shading Accent 6\"/>  <w:LsdException Locked=\"false\" Priority=\"72\" Name=\"Colorful List Accent 6\"/>  <w:LsdException Locked=\"false\" Priority=\"73\" Name=\"Colorful Grid Accent 6\"/>  <w:LsdException Locked=\"false\" Priority=\"19\" QFormat=\"true\"   Name=\"Subtle Emphasis\"/>  <w:LsdException Locked=\"false\" Priority=\"21\" QFormat=\"true\"   Name=\"Intense Emphasis\"/>  <w:LsdException Locked=\"false\" Priority=\"31\" QFormat=\"true\"   Name=\"Subtle Reference\"/>  <w:LsdException Locked=\"false\" Priority=\"32\" QFormat=\"true\"   Name=\"Intense Reference\"/>  <w:LsdException Locked=\"false\" Priority=\"33\" QFormat=\"true\" Name=\"Book Title\"/>  <w:LsdException Locked=\"false\" Priority=\"37\" SemiHidden=\"true\"   UnhideWhenUsed=\"true\" Name=\"Bibliography\"/>  <w:LsdException Locked=\"false\" Priority=\"39\" SemiHidden=\"true\"   UnhideWhenUsed=\"true\" QFormat=\"true\" Name=\"TOC Heading\"/>  <w:LsdException Locked=\"false\" Priority=\"41\" Name=\"Plain Table 1\"/>  <w:LsdException Locked=\"false\" Priority=\"42\" Name=\"Plain Table 2\"/>  <w:LsdException Locked=\"false\" Priority=\"43\" Name=\"Plain Table 3\"/>  <w:LsdException Locked=\"false\" Priority=\"44\" Name=\"Plain Table 4\"/>  <w:LsdException Locked=\"false\" Priority=\"45\" Name=\"Plain Table 5\"/>  <w:LsdException Locked=\"false\" Priority=\"40\" Name=\"Grid Table Light\"/>  <w:LsdException Locked=\"false\" Priority=\"46\" Name=\"Grid Table 1 Light\"/>  <w:LsdException Locked=\"false\" Priority=\"47\" Name=\"Grid Table 2\"/>  <w:LsdException Locked=\"false\" Priority=\"48\" Name=\"Grid Table 3\"/>  <w:LsdException Locked=\"false\" Priority=\"49\" Name=\"Grid Table 4\"/>  <w:LsdException Locked=\"false\" Priority=\"50\" Name=\"Grid Table 5 Dark\"/>  <w:LsdException Locked=\"false\" Priority=\"51\" Name=\"Grid Table 6 Colorful\"/>  <w:LsdException Locked=\"false\" Priority=\"52\" Name=\"Grid Table 7 Colorful\"/>  <w:LsdException Locked=\"false\" Priority=\"46\"   Name=\"Grid Table 1 Light Accent 1\"/>  <w:LsdException Locked=\"false\" Priority=\"47\" Name=\"Grid Table 2 Accent 1\"/>  <w:LsdException Locked=\"false\" Priority=\"48\" Name=\"Grid Table 3 Accent 1\"/>  <w:LsdException Locked=\"false\" Priority=\"49\" Name=\"Grid Table 4 Accent 1\"/>  <w:LsdException Locked=\"false\" Priority=\"50\" Name=\"Grid Table 5 Dark Accent 1\"/>  <w:LsdException Locked=\"false\" Priority=\"51\"   Name=\"Grid Table 6 Colorful Accent 1\"/>  <w:LsdException Locked=\"false\" Priority=\"52\"   Name=\"Grid Table 7 Colorful Accent 1\"/>  <w:LsdException Locked=\"false\" Priority=\"46\"   Name=\"Grid Table 1 Light Accent 2\"/>  <w:LsdException Locked=\"false\" Priority=\"47\" Name=\"Grid Table 2 Accent 2\"/>  <w:LsdException Locked=\"false\" Priority=\"48\" Name=\"Grid Table 3 Accent 2\"/>  <w:LsdException Locked=\"false\" Priority=\"49\" Name=\"Grid Table 4 Accent 2\"/>  <w:LsdException Locked=\"false\" Priority=\"50\" Name=\"Grid Table 5 Dark Accent 2\"/>  <w:LsdException Locked=\"false\" Priority=\"51\"   Name=\"Grid Table 6 Colorful Accent 2\"/>  <w:LsdException Locked=\"false\" Priority=\"52\"   Name=\"Grid Table 7 Colorful Accent 2\"/>  <w:LsdException Locked=\"false\" Priority=\"46\"   Name=\"Grid Table 1 Light Accent 3\"/>  <w:LsdException Locked=\"false\" Priority=\"47\" Name=\"Grid Table 2 Accent 3\"/>  <w:LsdException Locked=\"false\" Priority=\"48\" Name=\"Grid Table 3 Accent 3\"/>  <w:LsdException Locked=\"false\" Priority=\"49\" Name=\"Grid Table 4 Accent 3\"/>  <w:LsdException Locked=\"false\" Priority=\"50\" Name=\"Grid Table 5 Dark Accent 3\"/>  <w:LsdException Locked=\"false\" Priority=\"51\"   Name=\"Grid Table 6 Colorful Accent 3\"/>  <w:LsdException Locked=\"false\" Priority=\"52\"   Name=\"Grid Table 7 Colorful Accent 3\"/>  <w:LsdException Locked=\"false\" Priority=\"46\"   Name=\"Grid Table 1 Light Accent 4\"/>  <w:LsdException Locked=\"false\" Priority=\"47\" Name=\"Grid Table 2 Accent 4\"/>  <w:LsdException Locked=\"false\" Priority=\"48\" Name=\"Grid Table 3 Accent 4\"/>  <w:LsdException Locked=\"false\" Priority=\"49\" Name=\"Grid Table 4 Accent 4\"/>  <w:LsdException Locked=\"false\" Priority=\"50\" Name=\"Grid Table 5 Dark Accent 4\"/>  <w:LsdException Locked=\"false\" Priority=\"51\"   Name=\"Grid Table 6 Colorful Accent 4\"/>  <w:LsdException Locked=\"false\" Priority=\"52\"   Name=\"Grid Table 7 Colorful Accent 4\"/>  <w:LsdException Locked=\"false\" Priority=\"46\"   Name=\"Grid Table 1 Light Accent 5\"/>  <w:LsdException Locked=\"false\" Priority=\"47\" Name=\"Grid Table 2 Accent 5\"/>  <w:LsdException Locked=\"false\" Priority=\"48\" Name=\"Grid Table 3 Accent 5\"/>  <w:LsdException Locked=\"false\" Priority=\"49\" Name=\"Grid Table 4 Accent 5\"/>  <w:LsdException Locked=\"false\" Priority=\"50\" Name=\"Grid Table 5 Dark Accent 5\"/>  <w:LsdException Locked=\"false\" Priority=\"51\"   Name=\"Grid Table 6 Colorful Accent 5\"/>  <w:LsdException Locked=\"false\" Priority=\"52\"   Name=\"Grid Table 7 Colorful Accent 5\"/>  <w:LsdException Locked=\"false\" Priority=\"46\"   Name=\"Grid Table 1 Light Accent 6\"/>  <w:LsdException Locked=\"false\" Priority=\"47\" Name=\"Grid Table 2 Accent 6\"/>  <w:LsdException Locked=\"false\" Priority=\"48\" Name=\"Grid Table 3 Accent 6\"/>  <w:LsdException Locked=\"false\" Priority=\"49\" Name=\"Grid Table 4 Accent 6\"/>  <w:LsdException Locked=\"false\" Priority=\"50\" Name=\"Grid Table 5 Dark Accent 6\"/>  <w:LsdException Locked=\"false\" Priority=\"51\"   Name=\"Grid Table 6 Colorful Accent 6\"/>  <w:LsdException Locked=\"false\" Priority=\"52\"   Name=\"Grid Table 7 Colorful Accent 6\"/>  <w:LsdException Locked=\"false\" Priority=\"46\" Name=\"List Table 1 Light\"/>  <w:LsdException Locked=\"false\" Priority=\"47\" Name=\"List Table 2\"/>  <w:LsdException Locked=\"false\" Priority=\"48\" Name=\"List Table 3\"/>  <w:LsdException Locked=\"false\" Priority=\"49\" Name=\"List Table 4\"/>  <w:LsdException Locked=\"false\" Priority=\"50\" Name=\"List Table 5 Dark\"/>  <w:LsdException Locked=\"false\" Priority=\"51\" Name=\"List Table 6 Colorful\"/>  <w:LsdException Locked=\"false\" Priority=\"52\" Name=\"List Table 7 Colorful\"/>  <w:LsdException Locked=\"false\" Priority=\"46\"   Name=\"List Table 1 Light Accent 1\"/>  <w:LsdException Locked=\"false\" Priority=\"47\" Name=\"List Table 2 Accent 1\"/>  <w:LsdException Locked=\"false\" Priority=\"48\" Name=\"List Table 3 Accent 1\"/>  <w:LsdException Locked=\"false\" Priority=\"49\" Name=\"List Table 4 Accent 1\"/>  <w:LsdException Locked=\"false\" Priority=\"50\" Name=\"List Table 5 Dark Accent 1\"/>  <w:LsdException Locked=\"false\" Priority=\"51\"   Name=\"List Table 6 Colorful Accent 1\"/>  <w:LsdException Locked=\"false\" Priority=\"52\"   Name=\"List Table 7 Colorful Accent 1\"/>  <w:LsdException Locked=\"false\" Priority=\"46\"   Name=\"List Table 1 Light Accent 2\"/>  <w:LsdException Locked=\"false\" Priority=\"47\" Name=\"List Table 2 Accent 2\"/>  <w:LsdException Locked=\"false\" Priority=\"48\" Name=\"List Table 3 Accent 2\"/>  <w:LsdException Locked=\"false\" Priority=\"49\" Name=\"List Table 4 Accent 2\"/>  <w:LsdException Locked=\"false\" Priority=\"50\" Name=\"List Table 5 Dark Accent 2\"/>  <w:LsdException Locked=\"false\" Priority=\"51\"   Name=\"List Table 6 Colorful Accent 2\"/>  <w:LsdException Locked=\"false\" Priority=\"52\"   Name=\"List Table 7 Colorful Accent 2\"/>  <w:LsdException Locked=\"false\" Priority=\"46\"   Name=\"List Table 1 Light Accent 3\"/>  <w:LsdException Locked=\"false\" Priority=\"47\" Name=\"List Table 2 Accent 3\"/>  <w:LsdException Locked=\"false\" Priority=\"48\" Name=\"List Table 3 Accent 3\"/>  <w:LsdException Locked=\"false\" Priority=\"49\" Name=\"List Table 4 Accent 3\"/>  <w:LsdException Locked=\"false\" Priority=\"50\" Name=\"List Table 5 Dark Accent 3\"/>  <w:LsdException Locked=\"false\" Priority=\"51\"   Name=\"List Table 6 Colorful Accent 3\"/>  <w:LsdException Locked=\"false\" Priority=\"52\"   Name=\"List Table 7 Colorful Accent 3\"/>  <w:LsdException Locked=\"false\" Priority=\"46\"   Name=\"List Table 1 Light Accent 4\"/>  <w:LsdException Locked=\"false\" Priority=\"47\" Name=\"List Table 2 Accent 4\"/>  <w:LsdException Locked=\"false\" Priority=\"48\" Name=\"List Table 3 Accent 4\"/>  <w:LsdException Locked=\"false\" Priority=\"49\" Name=\"List Table 4 Accent 4\"/>  <w:LsdException Locked=\"false\" Priority=\"50\" Name=\"List Table 5 Dark Accent 4\"/>  <w:LsdException Locked=\"false\" Priority=\"51\"   Name=\"List Table 6 Colorful Accent 4\"/>  <w:LsdException Locked=\"false\" Priority=\"52\"   Name=\"List Table 7 Colorful Accent 4\"/>  <w:LsdException Locked=\"false\" Priority=\"46\"   Name=\"List Table 1 Light Accent 5\"/>  <w:LsdException Locked=\"false\" Priority=\"47\" Name=\"List Table 2 Accent 5\"/>  <w:LsdException Locked=\"false\" Priority=\"48\" Name=\"List Table 3 Accent 5\"/>  <w:LsdException Locked=\"false\" Priority=\"49\" Name=\"List Table 4 Accent 5\"/>  <w:LsdException Locked=\"false\" Priority=\"50\" Name=\"List Table 5 Dark Accent 5\"/>  <w:LsdException Locked=\"false\" Priority=\"51\"   Name=\"List Table 6 Colorful Accent 5\"/>  <w:LsdException Locked=\"false\" Priority=\"52\"   Name=\"List Table 7 Colorful Accent 5\"/>  <w:LsdException Locked=\"false\" Priority=\"46\"   Name=\"List Table 1 Light Accent 6\"/>  <w:LsdException Locked=\"false\" Priority=\"47\" Name=\"List Table 2 Accent 6\"/>  <w:LsdException Locked=\"false\" Priority=\"48\" Name=\"List Table 3 Accent 6\"/>  <w:LsdException Locked=\"false\" Priority=\"49\" Name=\"List Table 4 Accent 6\"/>  <w:LsdException Locked=\"false\" Priority=\"50\" Name=\"List Table 5 Dark Accent 6\"/>  <w:LsdException Locked=\"false\" Priority=\"51\"   Name=\"List Table 6 Colorful Accent 6\"/>  <w:LsdException Locked=\"false\" Priority=\"52\"   Name=\"List Table 7 Colorful Accent 6\"/> </w:LatentStyles></xml><![endif]--><style><!-- /* Font Definitions */ @font-face	{font-family:宋体;	panose-1:2 1 6 0 3 1 1 1 1 1;	mso-font-alt:SimSun;	mso-font-charset:134;	mso-generic-font-family:auto;	mso-font-pitch:variable;	mso-font-signature:3 680460288 22 0 262145 0;}@font-face	{font-family:\"Cambria Math\";	panose-1:2 4 5 3 5 4 6 3 2 4;	mso-font-charset:0;	mso-generic-font-family:roman;	mso-font-pitch:variable;	mso-font-signature:-536869121 1107305727 33554432 0 415 0;}@font-face	{font-family:\"\\@宋体\";	panose-1:2 1 6 0 3 1 1 1 1 1;	mso-font-charset:134;	mso-generic-font-family:auto;	mso-font-pitch:variable;	mso-font-signature:3 680460288 22 0 262145 0;} /* Style Definitions */ p.MsoNormal, li.MsoNormal, div.MsoNormal	{mso-style-unhide:no;	mso-style-qformat:yes;	mso-style-parent:\"\";	margin:0cm;	margin-bottom:.0001pt;	text-align:justify;	text-justify:inter-ideograph;	mso-pagination:none;	font-size:10.5pt;	mso-bidi-font-size:12.0pt;	font-family:\"Times New Roman\",serif;	mso-fareast-font-family:宋体;	mso-font-kerning:1.0pt;}.MsoChpDefault	{mso-style-type:export-only;	mso-default-props:yes;	font-size:10.0pt;	mso-ansi-font-size:10.0pt;	mso-bidi-font-size:10.0pt;	mso-ascii-font-family:\"Times New Roman\";	mso-fareast-font-family:宋体;	mso-hansi-font-family:\"Times New Roman\";	mso-font-kerning:0pt;} /* Page Definitions */ @page	{mso-page-border-surround-header:no;	mso-page-border-surround-footer:no;}@page WordSection1	{size:612.0pt 792.0pt;	margin:72.0pt 90.0pt 72.0pt 90.0pt;	mso-header-margin:36.0pt;	mso-footer-margin:36.0pt;	mso-paper-source:0;}div.WordSection1	{page:WordSection1;}--></style><!--[if gte mso 10]><style> /* Style Definitions */ table.MsoNormalTable	{mso-style-name:普通表格;	mso-tstyle-rowband-size:0;	mso-tstyle-colband-size:0;	mso-style-noshow:yes;	mso-style-priority:99;	mso-style-parent:\"\";	mso-padding-alt:0cm 5.4pt 0cm 5.4pt;	mso-para-margin:0cm;	mso-para-margin-bottom:.0001pt;	mso-pagination:widow-orphan;	font-size:10.0pt;	font-family:\"Times New Roman\",serif;}</style><![endif]--><spantimes new=\"\" roman\";=\"\" mso-font-kerning:1.0pt;mso-ansi-language:en-us;mso-fareast-language:zh-cn;=\"\" mso-bidi-language:ar-sa\'=\"\">且本网站项目是基于<span lang=\"EN-US\">Maven</span>项目管理工具开发的，<span lang=\"EN-US\">Maven</span>给我们提供了强大的项目管理能力。因为<span lang=\"EN-US\">Maven</span>项目里面是还可以放其它<span lang=\"EN-US\">Maven</span>项目的，当吧他人的<span lang=\"EN-US\">Maven</span>项目放到我的项目里面的话，他人的项目就算是该网站下面的一个子项目了。反过来说，把该网站的项目或者导出的<span lang=\"EN-US\">Jar</span>包放入到他人的项目之下，该&nbsp; &nbsp;</spantimes><br></p><p style=\"text-align: center;\"><spantimes new=\"\" roman\";=\"\" mso-font-kerning:1.0pt;mso-ansi-language:en-us;mso-fareast-language:zh-cn;=\"\" mso-bidi-language:ar-sa\'=\"\"><img src=\"http://localhost:8080/static/upload/05f10899-1e79-44b0-9d45-2dae7eb39316.jpg\"><br></spantimes></p>','2019-01-06 13:36:22',0,4,25,0,0),(36,'爱上的地方','<p class=\"MsoNormal\" style=\"text-indent:24.0pt;mso-char-indent-count:2.0;line-height:150%\"><span style=\"font-size:12.0pt;line-height:150%;font-family:宋体\">这是目前市场上连 <span>&nbsp;</span>接性能最好的连接池，因此与数据库的连接是高速且稳定的。<span lang=\"EN-US\"><o:p></o:p></span></span></p><p><!--[if gte mso 9]><xml> <o:OfficeDocumentSettings>  <o:AllowPNG/> </o:OfficeDocumentSettings></xml><![endif]--><!--[if gte mso 9]><xml> <w:WordDocument>  <w:View>Normal</w:View>  <w:Zoom>0</w:Zoom>  <w:TrackMoves/>  <w:TrackFormatting/>  <w:PunctuationKerning/>  <w:DrawingGridVerticalSpacing>7.8 磅</w:DrawingGridVerticalSpacing>  <w:DisplayHorizontalDrawingGridEvery>0</w:DisplayHorizontalDrawingGridEvery>  <w:DisplayVerticalDrawingGridEvery>2</w:DisplayVerticalDrawingGridEvery>  <w:ValidateAgainstSchemas/>  <w:SaveIfXMLInvalid>false</w:SaveIfXMLInvalid>  <w:IgnoreMixedContent>false</w:IgnoreMixedContent>  <w:AlwaysShowPlaceholderText>false</w:AlwaysShowPlaceholderText>  <w:DoNotPromoteQF/>  <w:LidThemeOther>EN-US</w:LidThemeOther>  <w:LidThemeAsian>ZH-CN</w:LidThemeAsian>  <w:LidThemeComplexScript>X-NONE</w:LidThemeComplexScript>  <w:Compatibility>   <w:SpaceForUL/>   <w:BalanceSingleByteDoubleByteWidth/>   <w:DoNotLeaveBackslashAlone/>   <w:ULTrailSpace/>   <w:DoNotExpandShiftReturn/>   <w:AdjustLineHeightInTable/>   <w:BreakWrappedTables/>   <w:SnapToGridInCell/>   <w:WrapTextWithPunct/>   <w:UseAsianBreakRules/>   <w:DontGrowAutofit/>   <w:SplitPgBreakAndParaMark/>   <w:EnableOpenTypeKerning/>   <w:DontFlipMirrorIndents/>   <w:OverrideTableStyleHps/>   <w:UseFELayout/>  </w:Compatibility>  <m:mathPr>   <m:mathFont m:val=\"Cambria Math\"/>   <m:brkBin m:val=\"before\"/>   <m:brkBinSub m:val=\"&#45;-\"/>   <m:smallFrac m:val=\"off\"/>   <m:dispDef/>   <m:lMargin m:val=\"0\"/>   <m:rMargin m:val=\"0\"/>   <m:defJc m:val=\"centerGroup\"/>   <m:wrapIndent m:val=\"1440\"/>   <m:intLim m:val=\"subSup\"/>   <m:naryLim m:val=\"undOvr\"/>  </m:mathPr></w:WordDocument></xml><![endif]--><!--[if gte mso 9]><xml> <w:LatentStyles DefLockedState=\"false\" DefUnhideWhenUsed=\"false\"  DefSemiHidden=\"false\" DefQFormat=\"false\" DefPriority=\"99\"  LatentStyleCount=\"371\">  <w:LsdException Locked=\"false\" Priority=\"0\" QFormat=\"true\" Name=\"Normal\"/>  <w:LsdException Locked=\"false\" Priority=\"9\" QFormat=\"true\" Name=\"heading 1\"/>  <w:LsdException Locked=\"false\" Priority=\"9\" SemiHidden=\"true\"   UnhideWhenUsed=\"true\" QFormat=\"true\" Name=\"heading 2\"/>  <w:LsdException Locked=\"false\" Priority=\"9\" SemiHidden=\"true\"   UnhideWhenUsed=\"true\" QFormat=\"true\" Name=\"heading 3\"/>  <w:LsdException Locked=\"false\" Priority=\"9\" SemiHidden=\"true\"   UnhideWhenUsed=\"true\" QFormat=\"true\" Name=\"heading 4\"/>  <w:LsdException Locked=\"false\" Priority=\"9\" SemiHidden=\"true\"   UnhideWhenUsed=\"true\" QFormat=\"true\" Name=\"heading 5\"/>  <w:LsdException Locked=\"false\" Priority=\"9\" SemiHidden=\"true\"   UnhideWhenUsed=\"true\" QFormat=\"true\" Name=\"heading 6\"/>  <w:LsdException Locked=\"false\" Priority=\"9\" SemiHidden=\"true\"   UnhideWhenUsed=\"true\" QFormat=\"true\" Name=\"heading 7\"/>  <w:LsdException Locked=\"false\" Priority=\"9\" SemiHidden=\"true\"   UnhideWhenUsed=\"true\" QFormat=\"true\" Name=\"heading 8\"/>  <w:LsdException Locked=\"false\" Priority=\"9\" SemiHidden=\"true\"   UnhideWhenUsed=\"true\" QFormat=\"true\" Name=\"heading 9\"/>  <w:LsdException Locked=\"false\" SemiHidden=\"true\" UnhideWhenUsed=\"true\"   Name=\"index 1\"/>  <w:LsdException Locked=\"false\" SemiHidden=\"true\" UnhideWhenUsed=\"true\"   Name=\"index 2\"/>  <w:LsdException Locked=\"false\" SemiHidden=\"true\" UnhideWhenUsed=\"true\"   Name=\"index 3\"/>  <w:LsdException Locked=\"false\" SemiHidden=\"true\" UnhideWhenUsed=\"true\"   Name=\"index 4\"/>  <w:LsdException Locked=\"false\" SemiHidden=\"true\" UnhideWhenUsed=\"true\"   Name=\"index 5\"/>  <w:LsdException Locked=\"false\" SemiHidden=\"true\" UnhideWhenUsed=\"true\"   Name=\"index 6\"/>  <w:LsdException Locked=\"false\" SemiHidden=\"true\" UnhideWhenUsed=\"true\"   Name=\"index 7\"/>  <w:LsdException Locked=\"false\" SemiHidden=\"true\" UnhideWhenUsed=\"true\"   Name=\"index 8\"/>  <w:LsdException Locked=\"false\" SemiHidden=\"true\" UnhideWhenUsed=\"true\"   Name=\"index 9\"/>  <w:LsdException Locked=\"false\" Priority=\"39\" SemiHidden=\"true\"   UnhideWhenUsed=\"true\" Name=\"toc 1\"/>  <w:LsdException Locked=\"false\" Priority=\"39\" SemiHidden=\"true\"   UnhideWhenUsed=\"true\" Name=\"toc 2\"/>  <w:LsdException Locked=\"false\" Priority=\"39\" SemiHidden=\"true\"   UnhideWhenUsed=\"true\" Name=\"toc 3\"/>  <w:LsdException Locked=\"false\" Priority=\"39\" SemiHidden=\"true\"   UnhideWhenUsed=\"true\" Name=\"toc 4\"/>  <w:LsdException Locked=\"false\" Priority=\"39\" SemiHidden=\"true\"   UnhideWhenUsed=\"true\" Name=\"toc 5\"/>  <w:LsdException Locked=\"false\" Priority=\"39\" SemiHidden=\"true\"   UnhideWhenUsed=\"true\" Name=\"toc 6\"/>  <w:LsdException Locked=\"false\" Priority=\"39\" SemiHidden=\"true\"   UnhideWhenUsed=\"true\" Name=\"toc 7\"/>  <w:LsdException Locked=\"false\" Priority=\"39\" SemiHidden=\"true\"   UnhideWhenUsed=\"true\" Name=\"toc 8\"/>  <w:LsdException Locked=\"false\" Priority=\"39\" SemiHidden=\"true\"   UnhideWhenUsed=\"true\" Name=\"toc 9\"/>  <w:LsdException Locked=\"false\" SemiHidden=\"true\" UnhideWhenUsed=\"true\"   Name=\"Normal Indent\"/>  <w:LsdException Locked=\"false\" SemiHidden=\"true\" UnhideWhenUsed=\"true\"   Name=\"footnote text\"/>  <w:LsdException Locked=\"false\" SemiHidden=\"true\" UnhideWhenUsed=\"true\"   Name=\"annotation text\"/>  <w:LsdException Locked=\"false\" SemiHidden=\"true\" UnhideWhenUsed=\"true\"   Name=\"header\"/>  <w:LsdException Locked=\"false\" SemiHidden=\"true\" UnhideWhenUsed=\"true\"   Name=\"footer\"/>  <w:LsdException Locked=\"false\" SemiHidden=\"true\" UnhideWhenUsed=\"true\"   Name=\"index heading\"/>  <w:LsdException Locked=\"false\" Priority=\"35\" SemiHidden=\"true\"   UnhideWhenUsed=\"true\" QFormat=\"true\" Name=\"caption\"/>  <w:LsdException Locked=\"false\" SemiHidden=\"true\" UnhideWhenUsed=\"true\"   Name=\"table of figures\"/>  <w:LsdException Locked=\"false\" SemiHidden=\"true\" UnhideWhenUsed=\"true\"   Name=\"envelope address\"/>  <w:LsdException Locked=\"false\" SemiHidden=\"true\" UnhideWhenUsed=\"true\"   Name=\"envelope return\"/>  <w:LsdException Locked=\"false\" SemiHidden=\"true\" UnhideWhenUsed=\"true\"   Name=\"footnote reference\"/>  <w:LsdException Locked=\"false\" SemiHidden=\"true\" UnhideWhenUsed=\"true\"   Name=\"annotation reference\"/>  <w:LsdException Locked=\"false\" SemiHidden=\"true\" UnhideWhenUsed=\"true\"   Name=\"line number\"/>  <w:LsdException Locked=\"false\" SemiHidden=\"true\" UnhideWhenUsed=\"true\"   Name=\"page number\"/>  <w:LsdException Locked=\"false\" SemiHidden=\"true\" UnhideWhenUsed=\"true\"   Name=\"endnote reference\"/>  <w:LsdException Locked=\"false\" SemiHidden=\"true\" UnhideWhenUsed=\"true\"   Name=\"endnote text\"/>  <w:LsdException Locked=\"false\" SemiHidden=\"true\" UnhideWhenUsed=\"true\"   Name=\"table of authorities\"/>  <w:LsdException Locked=\"false\" SemiHidden=\"true\" UnhideWhenUsed=\"true\"   Name=\"macro\"/>  <w:LsdException Locked=\"false\" SemiHidden=\"true\" UnhideWhenUsed=\"true\"   Name=\"toa heading\"/>  <w:LsdException Locked=\"false\" SemiHidden=\"true\" UnhideWhenUsed=\"true\"   Name=\"List\"/>  <w:LsdException Locked=\"false\" SemiHidden=\"true\" UnhideWhenUsed=\"true\"   Name=\"List Bullet\"/>  <w:LsdException Locked=\"false\" SemiHidden=\"true\" UnhideWhenUsed=\"true\"   Name=\"List Number\"/>  <w:LsdException Locked=\"false\" SemiHidden=\"true\" UnhideWhenUsed=\"true\"   Name=\"List 2\"/>  <w:LsdException Locked=\"false\" SemiHidden=\"true\" UnhideWhenUsed=\"true\"   Name=\"List 3\"/>  <w:LsdException Locked=\"false\" SemiHidden=\"true\" UnhideWhenUsed=\"true\"   Name=\"List 4\"/>  <w:LsdException Locked=\"false\" SemiHidden=\"true\" UnhideWhenUsed=\"true\"   Name=\"List 5\"/>  <w:LsdException Locked=\"false\" SemiHidden=\"true\" UnhideWhenUsed=\"true\"   Name=\"List Bullet 2\"/>  <w:LsdException Locked=\"false\" SemiHidden=\"true\" UnhideWhenUsed=\"true\"   Name=\"List Bullet 3\"/>  <w:LsdException Locked=\"false\" SemiHidden=\"true\" UnhideWhenUsed=\"true\"   Name=\"List Bullet 4\"/>  <w:LsdException Locked=\"false\" SemiHidden=\"true\" UnhideWhenUsed=\"true\"   Name=\"List Bullet 5\"/>  <w:LsdException Locked=\"false\" SemiHidden=\"true\" UnhideWhenUsed=\"true\"   Name=\"List Number 2\"/>  <w:LsdException Locked=\"false\" SemiHidden=\"true\" UnhideWhenUsed=\"true\"   Name=\"List Number 3\"/>  <w:LsdException Locked=\"false\" SemiHidden=\"true\" UnhideWhenUsed=\"true\"   Name=\"List Number 4\"/>  <w:LsdException Locked=\"false\" SemiHidden=\"true\" UnhideWhenUsed=\"true\"   Name=\"List Number 5\"/>  <w:LsdException Locked=\"false\" Priority=\"10\" QFormat=\"true\" Name=\"Title\"/>  <w:LsdException Locked=\"false\" SemiHidden=\"true\" UnhideWhenUsed=\"true\"   Name=\"Closing\"/>  <w:LsdException Locked=\"false\" SemiHidden=\"true\" UnhideWhenUsed=\"true\"   Name=\"Signature\"/>  <w:LsdException Locked=\"false\" Priority=\"0\" SemiHidden=\"true\"   UnhideWhenUsed=\"true\" Name=\"Default Paragraph Font\"/>  <w:LsdException Locked=\"false\" SemiHidden=\"true\" UnhideWhenUsed=\"true\"   Name=\"Body Text\"/>  <w:LsdException Locked=\"false\" SemiHidden=\"true\" UnhideWhenUsed=\"true\"   Name=\"Body Text Indent\"/>  <w:LsdException Locked=\"false\" SemiHidden=\"true\" UnhideWhenUsed=\"true\"   Name=\"List Continue\"/>  <w:LsdException Locked=\"false\" SemiHidden=\"true\" UnhideWhenUsed=\"true\"   Name=\"List Continue 2\"/>  <w:LsdException Locked=\"false\" SemiHidden=\"true\" UnhideWhenUsed=\"true\"   Name=\"List Continue 3\"/>  <w:LsdException Locked=\"false\" SemiHidden=\"true\" UnhideWhenUsed=\"true\"   Name=\"List Continue 4\"/>  <w:LsdException Locked=\"false\" SemiHidden=\"true\" UnhideWhenUsed=\"true\"   Name=\"List Continue 5\"/>  <w:LsdException Locked=\"false\" SemiHidden=\"true\" UnhideWhenUsed=\"true\"   Name=\"Message Header\"/>  <w:LsdException Locked=\"false\" Priority=\"11\" QFormat=\"true\" Name=\"Subtitle\"/>  <w:LsdException Locked=\"false\" SemiHidden=\"true\" UnhideWhenUsed=\"true\"   Name=\"Salutation\"/>  <w:LsdException Locked=\"false\" SemiHidden=\"true\" UnhideWhenUsed=\"true\"   Name=\"Date\"/>  <w:LsdException Locked=\"false\" SemiHidden=\"true\" UnhideWhenUsed=\"true\"   Name=\"Body Text First Indent\"/>  <w:LsdException Locked=\"false\" SemiHidden=\"true\" UnhideWhenUsed=\"true\"   Name=\"Body Text First Indent 2\"/>  <w:LsdException Locked=\"false\" SemiHidden=\"true\" UnhideWhenUsed=\"true\"   Name=\"Note Heading\"/>  <w:LsdException Locked=\"false\" SemiHidden=\"true\" UnhideWhenUsed=\"true\"   Name=\"Body Text 2\"/>  <w:LsdException Locked=\"false\" SemiHidden=\"true\" UnhideWhenUsed=\"true\"   Name=\"Body Text 3\"/>  <w:LsdException Locked=\"false\" SemiHidden=\"true\" UnhideWhenUsed=\"true\"   Name=\"Body Text Indent 2\"/>  <w:LsdException Locked=\"false\" SemiHidden=\"true\" UnhideWhenUsed=\"true\"   Name=\"Body Text Indent 3\"/>  <w:LsdException Locked=\"false\" SemiHidden=\"true\" UnhideWhenUsed=\"true\"   Name=\"Block Text\"/>  <w:LsdException Locked=\"false\" SemiHidden=\"true\" UnhideWhenUsed=\"true\"   Name=\"Hyperlink\"/>  <w:LsdException Locked=\"false\" SemiHidden=\"true\" UnhideWhenUsed=\"true\"   Name=\"FollowedHyperlink\"/>  <w:LsdException Locked=\"false\" Priority=\"22\" QFormat=\"true\" Name=\"Strong\"/>  <w:LsdException Locked=\"false\" Priority=\"20\" QFormat=\"true\" Name=\"Emphasis\"/>  <w:LsdException Locked=\"false\" SemiHidden=\"true\" UnhideWhenUsed=\"true\"   Name=\"Document Map\"/>  <w:LsdException Locked=\"false\" SemiHidden=\"true\" UnhideWhenUsed=\"true\"   Name=\"Plain Text\"/>  <w:LsdException Locked=\"false\" SemiHidden=\"true\" UnhideWhenUsed=\"true\"   Name=\"E-mail Signature\"/>  <w:LsdException Locked=\"false\" SemiHidden=\"true\" UnhideWhenUsed=\"true\"   Name=\"HTML Top of Form\"/>  <w:LsdException Locked=\"false\" SemiHidden=\"true\" UnhideWhenUsed=\"true\"   Name=\"HTML Bottom of Form\"/>  <w:LsdException Locked=\"false\" SemiHidden=\"true\" UnhideWhenUsed=\"true\"   Name=\"Normal (Web)\"/>  <w:LsdException Locked=\"false\" SemiHidden=\"true\" UnhideWhenUsed=\"true\"   Name=\"HTML Acronym\"/>  <w:LsdException Locked=\"false\" SemiHidden=\"true\" UnhideWhenUsed=\"true\"   Name=\"HTML Address\"/>  <w:LsdException Locked=\"false\" SemiHidden=\"true\" UnhideWhenUsed=\"true\"   Name=\"HTML Cite\"/>  <w:LsdException Locked=\"false\" SemiHidden=\"true\" UnhideWhenUsed=\"true\"   Name=\"HTML Code\"/>  <w:LsdException Locked=\"false\" SemiHidden=\"true\" UnhideWhenUsed=\"true\"   Name=\"HTML Definition\"/>  <w:LsdException Locked=\"false\" SemiHidden=\"true\" UnhideWhenUsed=\"true\"   Name=\"HTML Keyboard\"/>  <w:LsdException Locked=\"false\" SemiHidden=\"true\" UnhideWhenUsed=\"true\"   Name=\"HTML Preformatted\"/>  <w:LsdException Locked=\"false\" SemiHidden=\"true\" UnhideWhenUsed=\"true\"   Name=\"HTML Sample\"/>  <w:LsdException Locked=\"false\" SemiHidden=\"true\" UnhideWhenUsed=\"true\"   Name=\"HTML Typewriter\"/>  <w:LsdException Locked=\"false\" SemiHidden=\"true\" UnhideWhenUsed=\"true\"   Name=\"HTML Variable\"/>  <w:LsdException Locked=\"false\" SemiHidden=\"true\" UnhideWhenUsed=\"true\"   Name=\"Normal Table\"/>  <w:LsdException Locked=\"false\" SemiHidden=\"true\" UnhideWhenUsed=\"true\"   Name=\"annotation subject\"/>  <w:LsdException Locked=\"false\" SemiHidden=\"true\" UnhideWhenUsed=\"true\"   Name=\"No List\"/>  <w:LsdException Locked=\"false\" SemiHidden=\"true\" UnhideWhenUsed=\"true\"   Name=\"Outline List 1\"/>  <w:LsdException Locked=\"false\" SemiHidden=\"true\" UnhideWhenUsed=\"true\"   Name=\"Outline List 2\"/>  <w:LsdException Locked=\"false\" SemiHidden=\"true\" UnhideWhenUsed=\"true\"   Name=\"Outline List 3\"/>  <w:LsdException Locked=\"false\" SemiHidden=\"true\" UnhideWhenUsed=\"true\"   Name=\"Table Simple 1\"/>  <w:LsdException Locked=\"false\" SemiHidden=\"true\" UnhideWhenUsed=\"true\"   Name=\"Table Simple 2\"/>  <w:LsdException Locked=\"false\" SemiHidden=\"true\" UnhideWhenUsed=\"true\"   Name=\"Table Simple 3\"/>  <w:LsdException Locked=\"false\" SemiHidden=\"true\" UnhideWhenUsed=\"true\"   Name=\"Table Classic 1\"/>  <w:LsdException Locked=\"false\" SemiHidden=\"true\" UnhideWhenUsed=\"true\"   Name=\"Table Classic 2\"/>  <w:LsdException Locked=\"false\" SemiHidden=\"true\" UnhideWhenUsed=\"true\"   Name=\"Table Classic 3\"/>  <w:LsdException Locked=\"false\" SemiHidden=\"true\" UnhideWhenUsed=\"true\"   Name=\"Table Classic 4\"/>  <w:LsdException Locked=\"false\" SemiHidden=\"true\" UnhideWhenUsed=\"true\"   Name=\"Table Colorful 1\"/>  <w:LsdException Locked=\"false\" SemiHidden=\"true\" UnhideWhenUsed=\"true\"   Name=\"Table Colorful 2\"/>  <w:LsdException Locked=\"false\" SemiHidden=\"true\" UnhideWhenUsed=\"true\"   Name=\"Table Colorful 3\"/>  <w:LsdException Locked=\"false\" SemiHidden=\"true\" UnhideWhenUsed=\"true\"   Name=\"Table Columns 1\"/>  <w:LsdException Locked=\"false\" SemiHidden=\"true\" UnhideWhenUsed=\"true\"   Name=\"Table Columns 2\"/>  <w:LsdException Locked=\"false\" SemiHidden=\"true\" UnhideWhenUsed=\"true\"   Name=\"Table Columns 3\"/>  <w:LsdException Locked=\"false\" SemiHidden=\"true\" UnhideWhenUsed=\"true\"   Name=\"Table Columns 4\"/>  <w:LsdException Locked=\"false\" SemiHidden=\"true\" UnhideWhenUsed=\"true\"   Name=\"Table Columns 5\"/>  <w:LsdException Locked=\"false\" SemiHidden=\"true\" UnhideWhenUsed=\"true\"   Name=\"Table Grid 1\"/>  <w:LsdException Locked=\"false\" SemiHidden=\"true\" UnhideWhenUsed=\"true\"   Name=\"Table Grid 2\"/>  <w:LsdException Locked=\"false\" SemiHidden=\"true\" UnhideWhenUsed=\"true\"   Name=\"Table Grid 3\"/>  <w:LsdException Locked=\"false\" SemiHidden=\"true\" UnhideWhenUsed=\"true\"   Name=\"Table Grid 4\"/>  <w:LsdException Locked=\"false\" SemiHidden=\"true\" UnhideWhenUsed=\"true\"   Name=\"Table Grid 5\"/>  <w:LsdException Locked=\"false\" SemiHidden=\"true\" UnhideWhenUsed=\"true\"   Name=\"Table Grid 6\"/>  <w:LsdException Locked=\"false\" SemiHidden=\"true\" UnhideWhenUsed=\"true\"   Name=\"Table Grid 7\"/>  <w:LsdException Locked=\"false\" SemiHidden=\"true\" UnhideWhenUsed=\"true\"   Name=\"Table Grid 8\"/>  <w:LsdException Locked=\"false\" SemiHidden=\"true\" UnhideWhenUsed=\"true\"   Name=\"Table List 1\"/>  <w:LsdException Locked=\"false\" SemiHidden=\"true\" UnhideWhenUsed=\"true\"   Name=\"Table List 2\"/>  <w:LsdException Locked=\"false\" SemiHidden=\"true\" UnhideWhenUsed=\"true\"   Name=\"Table List 3\"/>  <w:LsdException Locked=\"false\" SemiHidden=\"true\" UnhideWhenUsed=\"true\"   Name=\"Table List 4\"/>  <w:LsdException Locked=\"false\" SemiHidden=\"true\" UnhideWhenUsed=\"true\"   Name=\"Table List 5\"/>  <w:LsdException Locked=\"false\" SemiHidden=\"true\" UnhideWhenUsed=\"true\"   Name=\"Table List 6\"/>  <w:LsdException Locked=\"false\" SemiHidden=\"true\" UnhideWhenUsed=\"true\"   Name=\"Table List 7\"/>  <w:LsdException Locked=\"false\" SemiHidden=\"true\" UnhideWhenUsed=\"true\"   Name=\"Table List 8\"/>  <w:LsdException Locked=\"false\" SemiHidden=\"true\" UnhideWhenUsed=\"true\"   Name=\"Table 3D effects 1\"/>  <w:LsdException Locked=\"false\" SemiHidden=\"true\" UnhideWhenUsed=\"true\"   Name=\"Table 3D effects 2\"/>  <w:LsdException Locked=\"false\" SemiHidden=\"true\" UnhideWhenUsed=\"true\"   Name=\"Table 3D effects 3\"/>  <w:LsdException Locked=\"false\" SemiHidden=\"true\" UnhideWhenUsed=\"true\"   Name=\"Table Contemporary\"/>  <w:LsdException Locked=\"false\" SemiHidden=\"true\" UnhideWhenUsed=\"true\"   Name=\"Table Elegant\"/>  <w:LsdException Locked=\"false\" SemiHidden=\"true\" UnhideWhenUsed=\"true\"   Name=\"Table Professional\"/>  <w:LsdException Locked=\"false\" SemiHidden=\"true\" UnhideWhenUsed=\"true\"   Name=\"Table Subtle 1\"/>  <w:LsdException Locked=\"false\" SemiHidden=\"true\" UnhideWhenUsed=\"true\"   Name=\"Table Subtle 2\"/>  <w:LsdException Locked=\"false\" SemiHidden=\"true\" UnhideWhenUsed=\"true\"   Name=\"Table Web 1\"/>  <w:LsdException Locked=\"false\" SemiHidden=\"true\" UnhideWhenUsed=\"true\"   Name=\"Table Web 2\"/>  <w:LsdException Locked=\"false\" SemiHidden=\"true\" UnhideWhenUsed=\"true\"   Name=\"Table Web 3\"/>  <w:LsdException Locked=\"false\" SemiHidden=\"true\" UnhideWhenUsed=\"true\"   Name=\"Balloon Text\"/>  <w:LsdException Locked=\"false\" Priority=\"39\" Name=\"Table Grid\"/>  <w:LsdException Locked=\"false\" SemiHidden=\"true\" UnhideWhenUsed=\"true\"   Name=\"Table Theme\"/>  <w:LsdException Locked=\"false\" SemiHidden=\"true\" Name=\"Placeholder Text\"/>  <w:LsdException Locked=\"false\" Priority=\"1\" QFormat=\"true\" Name=\"No Spacing\"/>  <w:LsdException Locked=\"false\" Priority=\"60\" Name=\"Light Shading\"/>  <w:LsdException Locked=\"false\" Priority=\"61\" Name=\"Light List\"/>  <w:LsdException Locked=\"false\" Priority=\"62\" Name=\"Light Grid\"/>  <w:LsdException Locked=\"false\" Priority=\"63\" Name=\"Medium Shading 1\"/>  <w:LsdException Locked=\"false\" Priority=\"64\" Name=\"Medium Shading 2\"/>  <w:LsdException Locked=\"false\" Priority=\"65\" Name=\"Medium List 1\"/>  <w:LsdException Locked=\"false\" Priority=\"66\" Name=\"Medium List 2\"/>  <w:LsdException Locked=\"false\" Priority=\"67\" Name=\"Medium Grid 1\"/>  <w:LsdException Locked=\"false\" Priority=\"68\" Name=\"Medium Grid 2\"/>  <w:LsdException Locked=\"false\" Priority=\"69\" Name=\"Medium Grid 3\"/>  <w:LsdException Locked=\"false\" Priority=\"70\" Name=\"Dark List\"/>  <w:LsdException Locked=\"false\" Priority=\"71\" Name=\"Colorful Shading\"/>  <w:LsdException Locked=\"false\" Priority=\"72\" Name=\"Colorful List\"/>  <w:LsdException Locked=\"false\" Priority=\"73\" Name=\"Colorful Grid\"/>  <w:LsdException Locked=\"false\" Priority=\"60\" Name=\"Light Shading Accent 1\"/>  <w:LsdException Locked=\"false\" Priority=\"61\" Name=\"Light List Accent 1\"/>  <w:LsdException Locked=\"false\" Priority=\"62\" Name=\"Light Grid Accent 1\"/>  <w:LsdException Locked=\"false\" Priority=\"63\" Name=\"Medium Shading 1 Accent 1\"/>  <w:LsdException Locked=\"false\" Priority=\"64\" Name=\"Medium Shading 2 Accent 1\"/>  <w:LsdException Locked=\"false\" Priority=\"65\" Name=\"Medium List 1 Accent 1\"/>  <w:LsdException Locked=\"false\" SemiHidden=\"true\" Name=\"Revision\"/>  <w:LsdException Locked=\"false\" Priority=\"34\" QFormat=\"true\"   Name=\"List Paragraph\"/>  <w:LsdException Locked=\"false\" Priority=\"29\" QFormat=\"true\" Name=\"Quote\"/>  <w:LsdException Locked=\"false\" Priority=\"30\" QFormat=\"true\"   Name=\"Intense Quote\"/>  <w:LsdException Locked=\"false\" Priority=\"66\" Name=\"Medium List 2 Accent 1\"/>  <w:LsdException Locked=\"false\" Priority=\"67\" Name=\"Medium Grid 1 Accent 1\"/>  <w:LsdException Locked=\"false\" Priority=\"68\" Name=\"Medium Grid 2 Accent 1\"/>  <w:LsdException Locked=\"false\" Priority=\"69\" Name=\"Medium Grid 3 Accent 1\"/>  <w:LsdException Locked=\"false\" Priority=\"70\" Name=\"Dark List Accent 1\"/>  <w:LsdException Locked=\"false\" Priority=\"71\" Name=\"Colorful Shading Accent 1\"/>  <w:LsdException Locked=\"false\" Priority=\"72\" Name=\"Colorful List Accent 1\"/>  <w:LsdException Locked=\"false\" Priority=\"73\" Name=\"Colorful Grid Accent 1\"/>  <w:LsdException Locked=\"false\" Priority=\"60\" Name=\"Light Shading Accent 2\"/>  <w:LsdException Locked=\"false\" Priority=\"61\" Name=\"Light List Accent 2\"/>  <w:LsdException Locked=\"false\" Priority=\"62\" Name=\"Light Grid Accent 2\"/>  <w:LsdException Locked=\"false\" Priority=\"63\" Name=\"Medium Shading 1 Accent 2\"/>  <w:LsdException Locked=\"false\" Priority=\"64\" Name=\"Medium Shading 2 Accent 2\"/>  <w:LsdException Locked=\"false\" Priority=\"65\" Name=\"Medium List 1 Accent 2\"/>  <w:LsdException Locked=\"false\" Priority=\"66\" Name=\"Medium List 2 Accent 2\"/>  <w:LsdException Locked=\"false\" Priority=\"67\" Name=\"Medium Grid 1 Accent 2\"/>  <w:LsdException Locked=\"false\" Priority=\"68\" Name=\"Medium Grid 2 Accent 2\"/>  <w:LsdException Locked=\"false\" Priority=\"69\" Name=\"Medium Grid 3 Accent 2\"/>  <w:LsdException Locked=\"false\" Priority=\"70\" Name=\"Dark List Accent 2\"/>  <w:LsdException Locked=\"false\" Priority=\"71\" Name=\"Colorful Shading Accent 2\"/>  <w:LsdException Locked=\"false\" Priority=\"72\" Name=\"Colorful List Accent 2\"/>  <w:LsdException Locked=\"false\" Priority=\"73\" Name=\"Colorful Grid Accent 2\"/>  <w:LsdException Locked=\"false\" Priority=\"60\" Name=\"Light Shading Accent 3\"/>  <w:LsdException Locked=\"false\" Priority=\"61\" Name=\"Light List Accent 3\"/>  <w:LsdException Locked=\"false\" Priority=\"62\" Name=\"Light Grid Accent 3\"/>  <w:LsdException Locked=\"false\" Priority=\"63\" Name=\"Medium Shading 1 Accent 3\"/>  <w:LsdException Locked=\"false\" Priority=\"64\" Name=\"Medium Shading 2 Accent 3\"/>  <w:LsdException Locked=\"false\" Priority=\"65\" Name=\"Medium List 1 Accent 3\"/>  <w:LsdException Locked=\"false\" Priority=\"66\" Name=\"Medium List 2 Accent 3\"/>  <w:LsdException Locked=\"false\" Priority=\"67\" Name=\"Medium Grid 1 Accent 3\"/>  <w:LsdException Locked=\"false\" Priority=\"68\" Name=\"Medium Grid 2 Accent 3\"/>  <w:LsdException Locked=\"false\" Priority=\"69\" Name=\"Medium Grid 3 Accent 3\"/>  <w:LsdException Locked=\"false\" Priority=\"70\" Name=\"Dark List Accent 3\"/>  <w:LsdException Locked=\"false\" Priority=\"71\" Name=\"Colorful Shading Accent 3\"/>  <w:LsdException Locked=\"false\" Priority=\"72\" Name=\"Colorful List Accent 3\"/>  <w:LsdException Locked=\"false\" Priority=\"73\" Name=\"Colorful Grid Accent 3\"/>  <w:LsdException Locked=\"false\" Priority=\"60\" Name=\"Light Shading Accent 4\"/>  <w:LsdException Locked=\"false\" Priority=\"61\" Name=\"Light List Accent 4\"/>  <w:LsdException Locked=\"false\" Priority=\"62\" Name=\"Light Grid Accent 4\"/>  <w:LsdException Locked=\"false\" Priority=\"63\" Name=\"Medium Shading 1 Accent 4\"/>  <w:LsdException Locked=\"false\" Priority=\"64\" Name=\"Medium Shading 2 Accent 4\"/>  <w:LsdException Locked=\"false\" Priority=\"65\" Name=\"Medium List 1 Accent 4\"/>  <w:LsdException Locked=\"false\" Priority=\"66\" Name=\"Medium List 2 Accent 4\"/>  <w:LsdException Locked=\"false\" Priority=\"67\" Name=\"Medium Grid 1 Accent 4\"/>  <w:LsdException Locked=\"false\" Priority=\"68\" Name=\"Medium Grid 2 Accent 4\"/>  <w:LsdException Locked=\"false\" Priority=\"69\" Name=\"Medium Grid 3 Accent 4\"/>  <w:LsdException Locked=\"false\" Priority=\"70\" Name=\"Dark List Accent 4\"/>  <w:LsdException Locked=\"false\" Priority=\"71\" Name=\"Colorful Shading Accent 4\"/>  <w:LsdException Locked=\"false\" Priority=\"72\" Name=\"Colorful List Accent 4\"/>  <w:LsdException Locked=\"false\" Priority=\"73\" Name=\"Colorful Grid Accent 4\"/>  <w:LsdException Locked=\"false\" Priority=\"60\" Name=\"Light Shading Accent 5\"/>  <w:LsdException Locked=\"false\" Priority=\"61\" Name=\"Light List Accent 5\"/>  <w:LsdException Locked=\"false\" Priority=\"62\" Name=\"Light Grid Accent 5\"/>  <w:LsdException Locked=\"false\" Priority=\"63\" Name=\"Medium Shading 1 Accent 5\"/>  <w:LsdException Locked=\"false\" Priority=\"64\" Name=\"Medium Shading 2 Accent 5\"/>  <w:LsdException Locked=\"false\" Priority=\"65\" Name=\"Medium List 1 Accent 5\"/>  <w:LsdException Locked=\"false\" Priority=\"66\" Name=\"Medium List 2 Accent 5\"/>  <w:LsdException Locked=\"false\" Priority=\"67\" Name=\"Medium Grid 1 Accent 5\"/>  <w:LsdException Locked=\"false\" Priority=\"68\" Name=\"Medium Grid 2 Accent 5\"/>  <w:LsdException Locked=\"false\" Priority=\"69\" Name=\"Medium Grid 3 Accent 5\"/>  <w:LsdException Locked=\"false\" Priority=\"70\" Name=\"Dark List Accent 5\"/>  <w:LsdException Locked=\"false\" Priority=\"71\" Name=\"Colorful Shading Accent 5\"/>  <w:LsdException Locked=\"false\" Priority=\"72\" Name=\"Colorful List Accent 5\"/>  <w:LsdException Locked=\"false\" Priority=\"73\" Name=\"Colorful Grid Accent 5\"/>  <w:LsdException Locked=\"false\" Priority=\"60\" Name=\"Light Shading Accent 6\"/>  <w:LsdException Locked=\"false\" Priority=\"61\" Name=\"Light List Accent 6\"/>  <w:LsdException Locked=\"false\" Priority=\"62\" Name=\"Light Grid Accent 6\"/>  <w:LsdException Locked=\"false\" Priority=\"63\" Name=\"Medium Shading 1 Accent 6\"/>  <w:LsdException Locked=\"false\" Priority=\"64\" Name=\"Medium Shading 2 Accent 6\"/>  <w:LsdException Locked=\"false\" Priority=\"65\" Name=\"Medium List 1 Accent 6\"/>  <w:LsdException Locked=\"false\" Priority=\"66\" Name=\"Medium List 2 Accent 6\"/>  <w:LsdException Locked=\"false\" Priority=\"67\" Name=\"Medium Grid 1 Accent 6\"/>  <w:LsdException Locked=\"false\" Priority=\"68\" Name=\"Medium Grid 2 Accent 6\"/>  <w:LsdException Locked=\"false\" Priority=\"69\" Name=\"Medium Grid 3 Accent 6\"/>  <w:LsdException Locked=\"false\" Priority=\"70\" Name=\"Dark List Accent 6\"/>  <w:LsdException Locked=\"false\" Priority=\"71\" Name=\"Colorful Shading Accent 6\"/>  <w:LsdException Locked=\"false\" Priority=\"72\" Name=\"Colorful List Accent 6\"/>  <w:LsdException Locked=\"false\" Priority=\"73\" Name=\"Colorful Grid Accent 6\"/>  <w:LsdException Locked=\"false\" Priority=\"19\" QFormat=\"true\"   Name=\"Subtle Emphasis\"/>  <w:LsdException Locked=\"false\" Priority=\"21\" QFormat=\"true\"   Name=\"Intense Emphasis\"/>  <w:LsdException Locked=\"false\" Priority=\"31\" QFormat=\"true\"   Name=\"Subtle Reference\"/>  <w:LsdException Locked=\"false\" Priority=\"32\" QFormat=\"true\"   Name=\"Intense Reference\"/>  <w:LsdException Locked=\"false\" Priority=\"33\" QFormat=\"true\" Name=\"Book Title\"/>  <w:LsdException Locked=\"false\" Priority=\"37\" SemiHidden=\"true\"   UnhideWhenUsed=\"true\" Name=\"Bibliography\"/>  <w:LsdException Locked=\"false\" Priority=\"39\" SemiHidden=\"true\"   UnhideWhenUsed=\"true\" QFormat=\"true\" Name=\"TOC Heading\"/>  <w:LsdException Locked=\"false\" Priority=\"41\" Name=\"Plain Table 1\"/>  <w:LsdException Locked=\"false\" Priority=\"42\" Name=\"Plain Table 2\"/>  <w:LsdException Locked=\"false\" Priority=\"43\" Name=\"Plain Table 3\"/>  <w:LsdException Locked=\"false\" Priority=\"44\" Name=\"Plain Table 4\"/>  <w:LsdException Locked=\"false\" Priority=\"45\" Name=\"Plain Table 5\"/>  <w:LsdException Locked=\"false\" Priority=\"40\" Name=\"Grid Table Light\"/>  <w:LsdException Locked=\"false\" Priority=\"46\" Name=\"Grid Table 1 Light\"/>  <w:LsdException Locked=\"false\" Priority=\"47\" Name=\"Grid Table 2\"/>  <w:LsdException Locked=\"false\" Priority=\"48\" Name=\"Grid Table 3\"/>  <w:LsdException Locked=\"false\" Priority=\"49\" Name=\"Grid Table 4\"/>  <w:LsdException Locked=\"false\" Priority=\"50\" Name=\"Grid Table 5 Dark\"/>  <w:LsdException Locked=\"false\" Priority=\"51\" Name=\"Grid Table 6 Colorful\"/>  <w:LsdException Locked=\"false\" Priority=\"52\" Name=\"Grid Table 7 Colorful\"/>  <w:LsdException Locked=\"false\" Priority=\"46\"   Name=\"Grid Table 1 Light Accent 1\"/>  <w:LsdException Locked=\"false\" Priority=\"47\" Name=\"Grid Table 2 Accent 1\"/>  <w:LsdException Locked=\"false\" Priority=\"48\" Name=\"Grid Table 3 Accent 1\"/>  <w:LsdException Locked=\"false\" Priority=\"49\" Name=\"Grid Table 4 Accent 1\"/>  <w:LsdException Locked=\"false\" Priority=\"50\" Name=\"Grid Table 5 Dark Accent 1\"/>  <w:LsdException Locked=\"false\" Priority=\"51\"   Name=\"Grid Table 6 Colorful Accent 1\"/>  <w:LsdException Locked=\"false\" Priority=\"52\"   Name=\"Grid Table 7 Colorful Accent 1\"/>  <w:LsdException Locked=\"false\" Priority=\"46\"   Name=\"Grid Table 1 Light Accent 2\"/>  <w:LsdException Locked=\"false\" Priority=\"47\" Name=\"Grid Table 2 Accent 2\"/>  <w:LsdException Locked=\"false\" Priority=\"48\" Name=\"Grid Table 3 Accent 2\"/>  <w:LsdException Locked=\"false\" Priority=\"49\" Name=\"Grid Table 4 Accent 2\"/>  <w:LsdException Locked=\"false\" Priority=\"50\" Name=\"Grid Table 5 Dark Accent 2\"/>  <w:LsdException Locked=\"false\" Priority=\"51\"   Name=\"Grid Table 6 Colorful Accent 2\"/>  <w:LsdException Locked=\"false\" Priority=\"52\"   Name=\"Grid Table 7 Colorful Accent 2\"/>  <w:LsdException Locked=\"false\" Priority=\"46\"   Name=\"Grid Table 1 Light Accent 3\"/>  <w:LsdException Locked=\"false\" Priority=\"47\" Name=\"Grid Table 2 Accent 3\"/>  <w:LsdException Locked=\"false\" Priority=\"48\" Name=\"Grid Table 3 Accent 3\"/>  <w:LsdException Locked=\"false\" Priority=\"49\" Name=\"Grid Table 4 Accent 3\"/>  <w:LsdException Locked=\"false\" Priority=\"50\" Name=\"Grid Table 5 Dark Accent 3\"/>  <w:LsdException Locked=\"false\" Priority=\"51\"   Name=\"Grid Table 6 Colorful Accent 3\"/>  <w:LsdException Locked=\"false\" Priority=\"52\"   Name=\"Grid Table 7 Colorful Accent 3\"/>  <w:LsdException Locked=\"false\" Priority=\"46\"   Name=\"Grid Table 1 Light Accent 4\"/>  <w:LsdException Locked=\"false\" Priority=\"47\" Name=\"Grid Table 2 Accent 4\"/>  <w:LsdException Locked=\"false\" Priority=\"48\" Name=\"Grid Table 3 Accent 4\"/>  <w:LsdException Locked=\"false\" Priority=\"49\" Name=\"Grid Table 4 Accent 4\"/>  <w:LsdException Locked=\"false\" Priority=\"50\" Name=\"Grid Table 5 Dark Accent 4\"/>  <w:LsdException Locked=\"false\" Priority=\"51\"   Name=\"Grid Table 6 Colorful Accent 4\"/>  <w:LsdException Locked=\"false\" Priority=\"52\"   Name=\"Grid Table 7 Colorful Accent 4\"/>  <w:LsdException Locked=\"false\" Priority=\"46\"   Name=\"Grid Table 1 Light Accent 5\"/>  <w:LsdException Locked=\"false\" Priority=\"47\" Name=\"Grid Table 2 Accent 5\"/>  <w:LsdException Locked=\"false\" Priority=\"48\" Name=\"Grid Table 3 Accent 5\"/>  <w:LsdException Locked=\"false\" Priority=\"49\" Name=\"Grid Table 4 Accent 5\"/>  <w:LsdException Locked=\"false\" Priority=\"50\" Name=\"Grid Table 5 Dark Accent 5\"/>  <w:LsdException Locked=\"false\" Priority=\"51\"   Name=\"Grid Table 6 Colorful Accent 5\"/>  <w:LsdException Locked=\"false\" Priority=\"52\"   Name=\"Grid Table 7 Colorful Accent 5\"/>  <w:LsdException Locked=\"false\" Priority=\"46\"   Name=\"Grid Table 1 Light Accent 6\"/>  <w:LsdException Locked=\"false\" Priority=\"47\" Name=\"Grid Table 2 Accent 6\"/>  <w:LsdException Locked=\"false\" Priority=\"48\" Name=\"Grid Table 3 Accent 6\"/>  <w:LsdException Locked=\"false\" Priority=\"49\" Name=\"Grid Table 4 Accent 6\"/>  <w:LsdException Locked=\"false\" Priority=\"50\" Name=\"Grid Table 5 Dark Accent 6\"/>  <w:LsdException Locked=\"false\" Priority=\"51\"   Name=\"Grid Table 6 Colorful Accent 6\"/>  <w:LsdException Locked=\"false\" Priority=\"52\"   Name=\"Grid Table 7 Colorful Accent 6\"/>  <w:LsdException Locked=\"false\" Priority=\"46\" Name=\"List Table 1 Light\"/>  <w:LsdException Locked=\"false\" Priority=\"47\" Name=\"List Table 2\"/>  <w:LsdException Locked=\"false\" Priority=\"48\" Name=\"List Table 3\"/>  <w:LsdException Locked=\"false\" Priority=\"49\" Name=\"List Table 4\"/>  <w:LsdException Locked=\"false\" Priority=\"50\" Name=\"List Table 5 Dark\"/>  <w:LsdException Locked=\"false\" Priority=\"51\" Name=\"List Table 6 Colorful\"/>  <w:LsdException Locked=\"false\" Priority=\"52\" Name=\"List Table 7 Colorful\"/>  <w:LsdException Locked=\"false\" Priority=\"46\"   Name=\"List Table 1 Light Accent 1\"/>  <w:LsdException Locked=\"false\" Priority=\"47\" Name=\"List Table 2 Accent 1\"/>  <w:LsdException Locked=\"false\" Priority=\"48\" Name=\"List Table 3 Accent 1\"/>  <w:LsdException Locked=\"false\" Priority=\"49\" Name=\"List Table 4 Accent 1\"/>  <w:LsdException Locked=\"false\" Priority=\"50\" Name=\"List Table 5 Dark Accent 1\"/>  <w:LsdException Locked=\"false\" Priority=\"51\"   Name=\"List Table 6 Colorful Accent 1\"/>  <w:LsdException Locked=\"false\" Priority=\"52\"   Name=\"List Table 7 Colorful Accent 1\"/>  <w:LsdException Locked=\"false\" Priority=\"46\"   Name=\"List Table 1 Light Accent 2\"/>  <w:LsdException Locked=\"false\" Priority=\"47\" Name=\"List Table 2 Accent 2\"/>  <w:LsdException Locked=\"false\" Priority=\"48\" Name=\"List Table 3 Accent 2\"/>  <w:LsdException Locked=\"false\" Priority=\"49\" Name=\"List Table 4 Accent 2\"/>  <w:LsdException Locked=\"false\" Priority=\"50\" Name=\"List Table 5 Dark Accent 2\"/>  <w:LsdException Locked=\"false\" Priority=\"51\"   Name=\"List Table 6 Colorful Accent 2\"/>  <w:LsdException Locked=\"false\" Priority=\"52\"   Name=\"List Table 7 Colorful Accent 2\"/>  <w:LsdException Locked=\"false\" Priority=\"46\"   Name=\"List Table 1 Light Accent 3\"/>  <w:LsdException Locked=\"false\" Priority=\"47\" Name=\"List Table 2 Accent 3\"/>  <w:LsdException Locked=\"false\" Priority=\"48\" Name=\"List Table 3 Accent 3\"/>  <w:LsdException Locked=\"false\" Priority=\"49\" Name=\"List Table 4 Accent 3\"/>  <w:LsdException Locked=\"false\" Priority=\"50\" Name=\"List Table 5 Dark Accent 3\"/>  <w:LsdException Locked=\"false\" Priority=\"51\"   Name=\"List Table 6 Colorful Accent 3\"/>  <w:LsdException Locked=\"false\" Priority=\"52\"   Name=\"List Table 7 Colorful Accent 3\"/>  <w:LsdException Locked=\"false\" Priority=\"46\"   Name=\"List Table 1 Light Accent 4\"/>  <w:LsdException Locked=\"false\" Priority=\"47\" Name=\"List Table 2 Accent 4\"/>  <w:LsdException Locked=\"false\" Priority=\"48\" Name=\"List Table 3 Accent 4\"/>  <w:LsdException Locked=\"false\" Priority=\"49\" Name=\"List Table 4 Accent 4\"/>  <w:LsdException Locked=\"false\" Priority=\"50\" Name=\"List Table 5 Dark Accent 4\"/>  <w:LsdException Locked=\"false\" Priority=\"51\"   Name=\"List Table 6 Colorful Accent 4\"/>  <w:LsdException Locked=\"false\" Priority=\"52\"   Name=\"List Table 7 Colorful Accent 4\"/>  <w:LsdException Locked=\"false\" Priority=\"46\"   Name=\"List Table 1 Light Accent 5\"/>  <w:LsdException Locked=\"false\" Priority=\"47\" Name=\"List Table 2 Accent 5\"/>  <w:LsdException Locked=\"false\" Priority=\"48\" Name=\"List Table 3 Accent 5\"/>  <w:LsdException Locked=\"false\" Priority=\"49\" Name=\"List Table 4 Accent 5\"/>  <w:LsdException Locked=\"false\" Priority=\"50\" Name=\"List Table 5 Dark Accent 5\"/>  <w:LsdException Locked=\"false\" Priority=\"51\"   Name=\"List Table 6 Colorful Accent 5\"/>  <w:LsdException Locked=\"false\" Priority=\"52\"   Name=\"List Table 7 Colorful Accent 5\"/>  <w:LsdException Locked=\"false\" Priority=\"46\"   Name=\"List Table 1 Light Accent 6\"/>  <w:LsdException Locked=\"false\" Priority=\"47\" Name=\"List Table 2 Accent 6\"/>  <w:LsdException Locked=\"false\" Priority=\"48\" Name=\"List Table 3 Accent 6\"/>  <w:LsdException Locked=\"false\" Priority=\"49\" Name=\"List Table 4 Accent 6\"/>  <w:LsdException Locked=\"false\" Priority=\"50\" Name=\"List Table 5 Dark Accent 6\"/>  <w:LsdException Locked=\"false\" Priority=\"51\"   Name=\"List Table 6 Colorful Accent 6\"/>  <w:LsdException Locked=\"false\" Priority=\"52\"   Name=\"List Table 7 Colorful Accent 6\"/> </w:LatentStyles></xml><![endif]--><style><!-- /* Font Definitions */ @font-face	{font-family:宋体;	panose-1:2 1 6 0 3 1 1 1 1 1;	mso-font-alt:SimSun;	mso-font-charset:134;	mso-generic-font-family:auto;	mso-font-pitch:variable;	mso-font-signature:3 680460288 22 0 262145 0;}@font-face	{font-family:\"Cambria Math\";	panose-1:2 4 5 3 5 4 6 3 2 4;	mso-font-charset:0;	mso-generic-font-family:roman;	mso-font-pitch:variable;	mso-font-signature:-536869121 1107305727 33554432 0 415 0;}@font-face	{font-family:\"\\@宋体\";	panose-1:2 1 6 0 3 1 1 1 1 1;	mso-font-charset:134;	mso-generic-font-family:auto;	mso-font-pitch:variable;	mso-font-signature:3 680460288 22 0 262145 0;} /* Style Definitions */ p.MsoNormal, li.MsoNormal, div.MsoNormal	{mso-style-unhide:no;	mso-style-qformat:yes;	mso-style-parent:\"\";	margin:0cm;	margin-bottom:.0001pt;	text-align:justify;	text-justify:inter-ideograph;	mso-pagination:none;	font-size:10.5pt;	mso-bidi-font-size:12.0pt;	font-family:\"Times New Roman\",serif;	mso-fareast-font-family:宋体;	mso-font-kerning:1.0pt;}.MsoChpDefault	{mso-style-type:export-only;	mso-default-props:yes;	font-size:10.0pt;	mso-ansi-font-size:10.0pt;	mso-bidi-font-size:10.0pt;	mso-ascii-font-family:\"Times New Roman\";	mso-fareast-font-family:宋体;	mso-hansi-font-family:\"Times New Roman\";	mso-font-kerning:0pt;} /* Page Definitions */ @page	{mso-page-border-surround-header:no;	mso-page-border-surround-footer:no;}@page WordSection1	{size:612.0pt 792.0pt;	margin:72.0pt 90.0pt 72.0pt 90.0pt;	mso-header-margin:36.0pt;	mso-footer-margin:36.0pt;	mso-paper-source:0;}div.WordSection1	{page:WordSection1;}--></style><!--[if gte mso 10]><style> /* Style Definitions */ table.MsoNormalTable	{mso-style-name:普通表格;	mso-tstyle-rowband-size:0;	mso-tstyle-colband-size:0;	mso-style-noshow:yes;	mso-style-priority:99;	mso-style-parent:\"\";	mso-padding-alt:0cm 5.4pt 0cm 5.4pt;	mso-para-margin:0cm;	mso-para-margin-bottom:.0001pt;	mso-pagination:widow-orphan;	font-size:10.0pt;	font-family:\"Times New Roman\",serif;}</style><![endif]--><spantimes new=\"\" roman\";=\"\" mso-font-kerning:1.0pt;mso-ansi-language:en-us;mso-fareast-language:zh-cn;=\"\" mso-bidi-language:ar-sa\'=\"\">且本网站项目是基于<span lang=\"EN-US\">Maven</span>项目管理工具开发的，<span lang=\"EN-US\">Maven</span>给我们提供了强大的项目管理能力。因为<span lang=\"EN-US\">Maven</span>项目里面是还可以放其它<span lang=\"EN-US\">Maven</span>项目的，当吧他人的<span lang=\"EN-US\">Maven</span>项目放到我的项目里面的话，他人的项目就算是该网站下面的一个子项目了。反过来说，把该网站的项目或者导出的<span lang=\"EN-US\">Jar</span>包放入到他人的项目之下，该&nbsp;</spantimes><img src=\"http://localhost:8080/static/upload/83eb982a-7b13-43fc-bd3b-d41af87c49c8.jpg\" style=\"background-color: transparent;\"><span style=\"background-color: transparent;\">&nbsp;&nbsp;</span></p>','2019-01-06 13:37:33',0,1,25,0,1);

/*Table structure for table `recommendation` */

DROP TABLE IF EXISTS `recommendation`;

CREATE TABLE `recommendation` (
  `id` int(11) NOT NULL AUTO_INCREMENT,
  `title` varchar(30) NOT NULL COMMENT '推荐标题',
  `content` text NOT NULL COMMENT '详细内容',
  `time` datetime NOT NULL COMMENT '发布时间',
  `user_id` int(11) NOT NULL COMMENT '发布用户',
  PRIMARY KEY (`id`),
  KEY `fk_reconmmendaation_user` (`user_id`),
  CONSTRAINT `fk_reconmmendaation_user` FOREIGN KEY (`user_id`) REFERENCES `user` (`id`) ON DELETE CASCADE ON UPDATE CASCADE
) ENGINE=InnoDB AUTO_INCREMENT=25 DEFAULT CHARSET=utf8;

/*Data for the table `recommendation` */

insert  into `recommendation`(`id`,`title`,`content`,`time`,`user_id`) values (3,'北京劝返外逃14年“红通人员” 今年以来','<p>中央纪委国家监委网站昨天发布消息，北京成功劝返一名外逃14年的“红通人员”刘晋，这是五部委发布《关于敦促职务犯罪案件境外在逃人员投案自首的公告》后北京市追逃追赃工作取得的又一重要成果。&nbsp;</p><p><span style=\"background-color: transparent;\">中央纪委国家监委网站昨天发布消息，北京成功劝返一名外逃14年的“红通人员”刘晋，这是五部委发布《关于敦促职务犯罪案件境外在逃人员投案自首的公告》后北京市追逃追赃工作取得的又一重要成果。</span></p><p><img src=\"https://ss0.baidu.com/6ONWsjip0QIZ8tyhnq/it/u=1247341041,719822090&amp;fm=173&amp;app=49&amp;f=JPEG?w=640&amp;h=597&amp;s=5A84E40BC9DFF3EF4460C07403007063\"><span style=\"background-color: transparent;\"><br></span></p><p><span style=\"background-color: transparent;\">中央纪委国家监委网站昨天发布消息，北京成功劝返一名外逃14年的“红通人员”刘晋，这是五部委发布《关于敦促职务犯罪案件境外在逃人员投案自首的公告》后北京市追逃追赃工作取得的又一重要成果。</span>&nbsp;<br></p>','2018-12-08 13:01:54',3),(4,'分析师观点｜中国股市需要华为精神','<p><img src=\"https://ss0.baidu.com/6ONWsjip0QIZ8tyhnq/it/u=2895986097,3609514076&amp;fm=173&amp;app=25&amp;f=JPEG?w=600&amp;h=400&amp;s=DBACB7475B8662D2062E5B6D0300E068\"><br></p><p>近股市又跌的稀里哗啦的，即使领导说春天不远了，市场也丝毫不领情，继续向下狂奔。这个时候还有什么能够提振投资者的信心呢？除了倒逼上面动用各种救市措施，比如保险资金入市、地方政府保上市公司股权质押等等，还有一些公司也提出了增持的方案，但是为什么投资者还是没有信心？</p><p>其实这个问题就触及到了中国股市的一个根本性问题，我们的很多上市公司做大了，但是没有做强。做大的指标显而易见，市值、收入、利润都不错，但是一谈到核心技术，问题就来了。相信今年给投资者印象最深刻的就是中兴通讯了，因为制裁措施，一夜之间就面临了生死抉择，如果不是政府的力挺，相信现在已经要进入破产清算阶段了。再比如现在沪深两市的第一股茅台，虽然毛利很高、产品供不应求</p><p><br></p>','2018-12-08 13:27:17',3),(5,'内地与港澳人士热议港珠澳大桥：为大湾区发展带来新机遇','<p>请在次填写文章<span style=\"background-color: transparent;\">中新社广州10月21日电 (记者 程景伟 蔡敏婕)港珠澳大桥即将通车，该消息21日在广州举行的粤港澳大湾区建设与粤东发展新机遇高峰论坛上引发热议，与会的内地与港澳人士称，这是粤港澳大湾区建设发展过程中的一件大事，将为大湾区发展带来新机遇。</span></p><p><img src=\"https://ss2.baidu.com/6ONYsjip0QIZ8tyhnq/it/u=1748014031,3527492512&amp;fm=173&amp;app=25&amp;f=JPEG?w=218&amp;h=146&amp;s=2B429A43945335C469DCD4190100E0C2\"><span style=\"background-color: transparent;\"><br></span></p><p>中国股市现在缺什么呢？缺华为，或者说华为的精神！华为的精神就是专心做实业的精神。同样是通讯企业，以前有“巨大中华”四家企业，现在有的倒闭了，有的一蹶不振，但是当时排名最后的华为却越来越好。手机行业原来有个说法是“中华酷联”，现在其它几家公司也慢慢被淘汰了，最新的说法是“华米OV”，又是华为排在第一。如果中国多几个华为，上市公司里有华为这样的好公司，还怕投资者没有信心吗？&nbsp;&nbsp;<br></p>','2018-12-08 13:52:28',3),(6,'内地与港澳人士热议港珠澳大桥：为大湾区发展带来新机遇','<p>请在次填写文章<span style=\"background-color: transparent;\">中新社广州10月21日电 (记者 程景伟 蔡敏婕)港珠澳大桥即将通车，该消息21日在广州举行的粤港澳大湾区建设与粤东发展新机遇高峰论坛上引发热议，与会的内地与港澳人士称，这是粤港澳大湾区建设发展过程中的一件大事，将为大湾区发展带来新机遇。</span></p><p><img src=\"https://ss2.baidu.com/6ONYsjip0QIZ8tyhnq/it/u=1748014031,3527492512&amp;fm=173&amp;app=25&amp;f=JPEG?w=218&amp;h=146&amp;s=2B429A43945335C469DCD4190100E0C2\"><span style=\"background-color: transparent;\"><br></span></p><p>中国股市现在缺什么呢？缺华为，或者说华为的精神！华为的精神就是专心做实业的精神。同样是通讯企业，以前有“巨大中华”四家企业，现在有的倒闭了，有的一蹶不振，但是当时排名最后的华为却越来越好。手机行业原来有个说法是“中华酷联”，现在其它几家公司也慢慢被淘汰了，最新的说法是“华米OV”，又是华为排在第一。如果中国多几个华为，上市公司里有华为这样的好公司，还怕投资者没有信心吗？&nbsp;&nbsp;<br></p>','2018-12-08 13:53:05',3),(16,'HTTP错误405','<p>400 - 错误的请求。<br>·401 - 访问被拒绝。IIS 定义了许多不同的 401 错误，它们指明更为具体的错误原因。这些具体的<a href=\"https://www.baidu.com/s?wd=%E9%94%99%E8%AF%AF%E4%BB%A3%E7%A0%81&amp;tn=SE_PcZhidaonwhc_ngpagmjz&amp;rsv_dl=gh_pc_zhidao\" target=\"_blank\">错误代码</a>在浏览器中显示，但不在 IIS 日志中显示： ·401.1 - 登录失败。<br>·401.2 -&nbsp;<a href=\"https://www.baidu.com/s?wd=%E6%9C%8D%E5%8A%A1%E5%99%A8%E9%85%8D%E7%BD%AE&amp;tn=SE_PcZhidaonwhc_ngpagmjz&amp;rsv_dl=gh_pc_zhidao\" target=\"_blank\">服务器配置</a>导致登录失败。<br>·401.3 - 由于 ACL 对资源的限制而未获得授权。<br>·401.4 - 筛选器授权失败。<br>·401.5 - ISAPI/CGI 应用程序授权失败。<br>·401.7 – 访问被 Web 服务器上的 URL 授权策略拒绝。这个<a href=\"https://www.baidu.com/s?wd=%E9%94%99%E8%AF%AF%E4%BB%A3%E7%A0%81&amp;tn=SE_PcZhidaonwhc_ngpagmjz&amp;rsv_dl=gh_pc_zhidao\" target=\"_blank\">错误代码</a>为 IIS 6.0 所专用。<br><br>·403 - 禁止访问：IIS 定义了许多不同的 403 错误，它们指明更为具体的错误原因： ·403.1 - 执行访问被禁止。<br>·403.2 - 读访问被禁止。<br>·403.3 - 写访问被禁止。<br>·403.4 - 要求 SSL。<br>·403.5 - 要求 SSL 128。<br>·403.6 - IP 地址被拒绝。<br>·403.7 - 要求客户端证书。&nbsp;</p><p><img src=\"http://localhost:8080/static/upload/d721f8de-39af-47da-9892-eefabb56bc6d.jpg\" style=\"background-color: transparent;\">&nbsp;<br></p>','2018-12-13 21:00:20',1),(17,'应用程序池','<div label-module=\"para\">启动<a target=\"_blank\" href=\"https://baike.baidu.com/item/IIS\">IIS</a>管理器，右击网站，选择“属性”，打开属性对话框（图1）。</div><div label-module=\"para\">在IIS 6.0工作进程隔离模式下，所有的应用程序代码都在隔离环境中运行，它们是如何进行隔离的呢？<a target=\"_blank\" href=\"https://baike.baidu.com/item/Windows%202003\">Windows 2003</a>新增了应用程序池，工作进程隔离模式允许客户创建多个应用程序池，每个应用程序池都可以有不同的配置。因为这些应用程序池直接从<a target=\"_blank\" href=\"https://baike.baidu.com/item/%E5%86%85%E6%A0%B8\">内核</a>（而非WWW服务）接收它们的请求，所以性能和可靠性得到了增强。要隔离运行在同一台计算机上但属于不同网站的Web应用程序，需要为每个网站创建单独的应用程序池。</div><div><a name=\"2_1\"></a><a name=\"sub470212_2_1\"></a><a name=\"创建应用程序池\"></a><a name=\"2-1\"></a></div><div label-module=\"para-title\"><h3>创建应用程序池</h3></div><div label-module=\"para\">在IIS<a target=\"_blank\" href=\"https://baike.baidu.com/item/%E7%AE%A1%E7%90%86%E5%99%A8\">管理器</a>中，打开本地计算机，右键单击“应用程序池”，选择新建“应用程序池” （必须在工作进程隔离模式下才能建立应用程序池） 。“应用程序池名称”框中，输入新的应用程序池名称。如果在“应用程序池 ID”框中出现的 ID （如：AppPool #1）不是您想要的，可进行重命名。如果您单击了“将现有应用程序池作为模板”，请在“应用程序池名称”框中右键单击想要用来作为模板的应用程序池。最后单击[确定]。</div>','2018-12-13 21:01:25',1),(18,'这么美丽的花朵，竟生长在南极','<p><img src=\"http://localhost:8080/static/upload/e2213fc8-bf58-44fe-a0be-75bcbcb21307.jpeg\"><br></p><p>南极洲是个冰天雪地的世界，但也有100多种绿色植物生长。不过，其中绝大多数是苔藓，种子植物只有2种——禾本科的南极发草和石竹科的南极漆姑。为了保护南极脆弱的生态环境，人类到南极大陆要注意不可损伤植物，如不可步行或登陆在青苔覆盖的土地或斜坡上。&nbsp;&nbsp;<br></p>','2018-12-22 11:10:04',7),(19,'松树都是耐寒的吗？','<p><img src=\"http://localhost:8080/static/upload/44971dee-e5aa-4e6f-bc35-823860ede06e.jpeg\"><br></p><p>在中国文化中，松树象征着傲立霜雪的高洁品格。然而，在真正的松树（松科松属植物）里面，虽然的确有红松、樟子松这样极为耐寒的种类，也有马尾松、海南五针松这样生活在亚热带和热带地区、不耐寒的种类。把它们引种到华北地区，一样会冻死的。&nbsp;&nbsp;<br></p>','2018-12-22 11:11:12',7),(20,'如何分辨植物的雌雄？','<p style=\"text-align: center;\"><img src=\"http://localhost:8080/static/upload/01a9d1e3-dab8-4acc-b24a-3c2271c8ed3b.jpeg\" style=\"background-color: transparent;\"><br></p><p style=\"text-align: center;\">一朵完整的花包括了6个基本部分，即花梗、花托、花萼、花冠、雄蕊群和雌蕊群。多数植物同一朵花上既有雄蕊也有雌蕊，即两性花，这类植物不分雌雄株，如南瓜、黄瓜、毛泡桐、玉米、西葫芦、豌豆、橡树等；有些植物在一棵植物上有两种单性花，它们在同一棵植物内也能传粉受精并结果，一般难分雌雄株；有些植物在一棵植株上只有一种单性花，如杨、柳、银杏、罗汉松等。&nbsp;&nbsp;<br></p><p><br></p>','2018-12-22 11:12:14',7),(21,'走进丰富多彩的大自然，与植物对话','<p><span style=\"font-weight: bold;\">看点一：看植物的形态</span></p><p></p><p></p><p>世界上的植物千千万万，各有其独具的形态。作者笔下的植物，它的根、茎、叶、花、果，各是什么样子的呢？我们可以根据作者的观察顺序，边读边想象，在头脑中画出它的轮廓。</p><p><img src=\"http://localhost:8080/static/upload/699d89f3-686f-41c2-a9b4-3554668ca3fa.jpg\"><br></p><p><span style=\"font-weight: bold;\">看点二：看植物的颜色</span></p><p></p><p>植物综合了大自然丰富多彩的颜色，即使是同一株植物，不同的部分颜色也有所不同，而且植物在生长的过程中，其颜色也是不断变化的。我们阅读的时候，要根据作者的描述边读边想象，在头脑中给植物着色。</p><p><img src=\"http://localhost:8080/static/upload/517ea963-23ea-483c-b49c-c4c57f7e236b.jpg\"><br></p><p><span style=\"font-weight: bold;\">看点三：看植物的气味、味道和作者的感受</span></p><p></p><p>每一种植物都具有自己的气味和味道，作者只有进行嗅觉、味觉方面的具体描述，才能给读者鲜明的印象。我们阅读的时候不仅要弄清楚这些，还要注意作者在描述的时候，表达了自己的哪些感受。</p><p><img src=\"http://localhost:8080/static/upload/738d3c4d-c46b-48f2-8308-c6ae1889eae0.jpg\"><br></p>','2018-12-24 10:09:18',10),(23,'爱的色放法国大使','<p>请在次填写文章的详细内容...</p><p>史蒂夫和我让他爱是梵蒂冈2</p><p>发动过</p>','2018-12-24 10:10:01',10),(24,'木香花的栽培与养殖技术','<p>木香花，是攀援小灌木，高可达6米;小枝圆柱形，无毛，有短小皮刺;小叶3-5，叶片椭圆状卵形或长圆披针形，花小形，多朵成伞形花序，萼片卵形，花瓣重瓣至半重瓣，白色，倒卵形，花期4-5月。生溪边、路旁或山坡灌丛中，海拔500-1300米。</p><p style=\"text-align: center;\"><img src=\"http://localhost:8080/static/upload/62f664e4-19bf-4f5f-91d7-57a6f6940de6.jpg\"><br></p><p>分布于中国四川、云南。全国各地均有栽培。木香的根可作为中药使用，味苦，可与枳壳、川楝子、延胡索等配合，可理气疏肝、健脾消滞。此花有栽培，具有较高的园艺价值。</p><p style=\"text-align: center;\"><img src=\"http://localhost:8080/static/upload/96980f7b-9021-40ad-a761-1c63d243a8b1.jpg\"><br></p><p>蔷薇喜阳光，亦耐半阴，较耐寒，适生于排水良好的肥沃润湿地。在中国北方大部分地区都能露地越冬。对土壤要求不严，耐干旱，耐瘠薄，但栽植在土层深厚、疏松、肥沃湿润而又排水通畅的土壤中则生长更好，也可在粘重土壤上正常生长。不耐水湿，忌积水。 　　</p><p>木香花栽培技术营养土配制成营养土应该注意排水，通风及各种养分的搭配。其比例是园土：腐叶土：砻糠灰=5：3：2。每年越冬前后适合翻盆、修根、换土，逐年加大盆径，以泥瓦盆为佳。</p>','2019-01-05 19:55:57',7);

/*Table structure for table `reply` */

DROP TABLE IF EXISTS `reply`;

CREATE TABLE `reply` (
  `id` int(11) NOT NULL AUTO_INCREMENT,
  `content` text NOT NULL COMMENT '回复内容',
  `TIME` datetime NOT NULL COMMENT '回复时间',
  `user_id` int(11) NOT NULL COMMENT '回复的用户',
  `answer_id` int(11) NOT NULL COMMENT '被回复的问题',
  PRIMARY KEY (`id`),
  KEY `fk_reply_answer` (`answer_id`),
  KEY `fk_reply_user` (`user_id`),
  CONSTRAINT `fk_reply_answer` FOREIGN KEY (`answer_id`) REFERENCES `answer` (`id`) ON DELETE CASCADE ON UPDATE CASCADE,
  CONSTRAINT `fk_reply_user` FOREIGN KEY (`user_id`) REFERENCES `user` (`id`) ON DELETE CASCADE ON UPDATE CASCADE
) ENGINE=InnoDB AUTO_INCREMENT=25 DEFAULT CHARSET=utf8;

/*Data for the table `reply` */

insert  into `reply`(`id`,`content`,`TIME`,`user_id`,`answer_id`) values (2,'确实，这岁月轮回的风景，也只有大自然才能够驱策吧。今天，笔者就来和朋友们聊聊这落叶背后的自然之道。','2018-11-28 00:00:00',6,2),(3,'你好呀,我叫赛利亚!','2018-11-28 11:00:55',2,2),(4,'阿牛已收到','2018-11-29 21:33:55',6,9),(5,'来士大夫','2018-11-29 21:34:13',6,10),(6,'你好呀,你这回答666','2018-11-29 21:41:13',6,3),(7,'阿牛是哪位呢???','2018-11-29 21:48:21',6,9),(8,'我擦,别来骗人好不好,损人不利己的.','2018-11-29 21:58:52',1,7),(9,'其实还有种叫做\'\'分解者\'\'的东西呢?','2018-12-13 20:29:19',1,1),(10,'总感觉不太对劲的样子你这回答','2018-12-13 20:29:52',1,2),(14,'别逗好吗','2018-12-21 09:32:06',2,23),(15,'兄弟，你这个稳了！','2018-12-21 15:50:31',12,3),(16,'上的法规和健康','2018-12-21 16:28:37',12,23),(17,'按时','2018-12-21 17:19:55',12,50),(19,'这个感觉比较有道理点','2019-01-03 16:49:27',13,58),(20,'原来是这样，长见识了','2019-01-03 16:51:10',13,57),(22,'这样嘛,我才知道,谢谢!','2019-01-05 20:54:21',7,68),(23,'你好','2019-01-05 21:41:02',24,57),(24,'爱仕达','2019-01-06 13:33:27',25,73);

/*Table structure for table `report` */

DROP TABLE IF EXISTS `report`;

CREATE TABLE `report` (
  `id` int(11) NOT NULL AUTO_INCREMENT,
  `content` text NOT NULL COMMENT '举报备注',
  `user_id` int(11) NOT NULL COMMENT '举报的用户',
  `question_id` int(11) DEFAULT NULL COMMENT '被举报的问题',
  `answer_id` int(11) DEFAULT NULL COMMENT '被举报的回答',
  PRIMARY KEY (`id`),
  KEY `fk_repory_answer` (`answer_id`),
  KEY `fk_repory_question` (`question_id`),
  KEY `fk_repory_user` (`user_id`),
  CONSTRAINT `fk_repory_answer` FOREIGN KEY (`answer_id`) REFERENCES `answer` (`id`) ON DELETE CASCADE ON UPDATE CASCADE,
  CONSTRAINT `fk_repory_question` FOREIGN KEY (`question_id`) REFERENCES `question` (`id`) ON DELETE CASCADE ON UPDATE CASCADE,
  CONSTRAINT `fk_repory_user` FOREIGN KEY (`user_id`) REFERENCES `user` (`id`) ON DELETE CASCADE ON UPDATE CASCADE
) ENGINE=InnoDB AUTO_INCREMENT=42 DEFAULT CHARSET=utf8;

/*Data for the table `report` */

insert  into `report`(`id`,`content`,`user_id`,`question_id`,`answer_id`) values (11,'安得上方断马剑',6,9,NULL),(12,'爱的色放',6,NULL,23),(25,'测试数据',2,33,NULL),(26,'测试数据',2,25,NULL),(27,'测试数据',2,27,NULL),(28,'测试数据',2,30,NULL),(29,'测试数据',2,23,NULL),(30,'测试数据',2,29,NULL),(31,'测试数据',2,31,NULL),(32,'测试数据',2,NULL,67),(33,'测试数据',2,NULL,66),(34,'测试数据',2,NULL,64),(35,'测试数据',2,NULL,24),(36,'测试数据',2,NULL,50),(37,'测试数据',2,NULL,38),(38,'测试数据',2,NULL,61),(40,'内容不合法',24,NULL,63),(41,'奥术大师多',25,NULL,73);

/*Table structure for table `user` */

DROP TABLE IF EXISTS `user`;

CREATE TABLE `user` (
  `id` int(11) NOT NULL AUTO_INCREMENT COMMENT '主键(自增长)',
  `email` varchar(40) NOT NULL COMMENT '用户邮箱(账号)',
  `username` varchar(12) DEFAULT NULL,
  `password` varchar(16) NOT NULL COMMENT '用户密码',
  `sex` int(11) DEFAULT NULL,
  `img` varchar(100) DEFAULT NULL,
  `power` int(11) DEFAULT '1' COMMENT '用户权限',
  `frequency` int(11) NOT NULL DEFAULT '1',
  PRIMARY KEY (`id`),
  UNIQUE KEY `email` (`email`),
  UNIQUE KEY `username` (`username`),
  KEY `fk_user_permission` (`power`),
  CONSTRAINT `fk_user_permission` FOREIGN KEY (`power`) REFERENCES `permission` (`id`) ON DELETE CASCADE ON UPDATE CASCADE
) ENGINE=InnoDB AUTO_INCREMENT=26 DEFAULT CHARSET=utf8;

/*Data for the table `user` */

insert  into `user`(`id`,`email`,`username`,`password`,`sex`,`img`,`power`,`frequency`) values (1,'1341492395@qq.com','我是他表妹','111111',0,NULL,2,0),(2,'rlws123456@sina.com','MingMingMing','123456',1,'http://localhost:8080/static/upload/c1dcb839-c97a-43c7-af3f-df286d758064.jpg',1,1),(3,'1600510083@qq.com','我是二表弟','333333',1,NULL,2,1),(6,'123@qq.com','兰23','111111',1,'http://localhost:8080/static/upload/d1a2d901-6728-40f2-8fd2-979dca7a600c.jpg',1,1),(7,'18877544079@163.com','月影星劫','777777',0,'http://localhost:8080/static/upload/17b4f330-2481-448a-b5bd-d143b18d7420.jpeg',2,1),(8,'13543697653@sina.com','迭代','333333',1,NULL,1,1),(9,'16015754645@qq.cn','爱迪生1','789456',1,NULL,1,0),(10,'65441655454@134.com','阿斯蒂芬','444444',1,'http://localhost:8080/static/upload/a2575586-65fe-44d9-b259-9e0a2473d79c.jpg',2,1),(11,'Jing5871@163.com','Jing','123123',0,NULL,1,1),(12,'13514@163.com','英','555555',1,'http://localhost:8080/static/upload/d3648b89-ae51-4b19-a3ff-f2596141983f.jpg',1,1),(13,'8888@345.com','末班车','999999',0,NULL,1,1),(18,'123123@qq.com','静思','111111',0,NULL,1,0),(23,'1234@qq.com','Miss','111111',0,NULL,1,1),(24,'heart123@sina.com','heart','222222',0,NULL,1,1),(25,'12322456@qq.com','ee','111111',0,'http://localhost:8080/static/upload/285e819a-d438-4769-a7e1-b083b49296d0.png',1,1);

/*!40101 SET SQL_MODE=@OLD_SQL_MODE */;
/*!40014 SET FOREIGN_KEY_CHECKS=@OLD_FOREIGN_KEY_CHECKS */;
/*!40014 SET UNIQUE_CHECKS=@OLD_UNIQUE_CHECKS */;
/*!40111 SET SQL_NOTES=@OLD_SQL_NOTES */;
